file,line,type,commit,author,date,time,timezone,datetime,depth,length
style.css,1,css,f4bfd791,jgu0453,2025-01-18,23:04:37,-08:00,2025-01-18T23:04:37-08:00,0,18
style.css,2,css,bc1e8e78,jgu0453,2025-01-11,23:17:31,-08:00,2025-01-11T23:17:31-08:00,0,5
style.css,3,css,a880e65b,jgu0453,2025-01-25,23:15:12,-08:00,2025-01-25T23:15:12-08:00,0,24
style.css,4,css,a880e65b,jgu0453,2025-01-25,23:15:12,-08:00,2025-01-25T23:15:12-08:00,0,9
style.css,5,css,a880e65b,jgu0453,2025-01-25,23:15:12,-08:00,2025-01-25T23:15:12-08:00,0,13
style.css,6,css,a880e65b,jgu0453,2025-01-25,23:15:12,-08:00,2025-01-25T23:15:12-08:00,0,25
style.css,7,css,a880e65b,jgu0453,2025-01-25,23:15:12,-08:00,2025-01-25T23:15:12-08:00,0,11
style.css,8,css,e510e460,jgu0453,2025-01-25,23:20:18,-08:00,2025-01-25T23:20:18-08:00,0,45
style.css,9,css,7855f0ff,jgu0453,2025-01-18,22:20:58,-08:00,2025-01-18T22:20:58-08:00,0,0
style.css,10,css,7855f0ff,jgu0453,2025-01-18,22:20:58,-08:00,2025-01-18T22:20:58-08:00,0,0
style.css,11,css,f4bfd791,jgu0453,2025-01-18,23:04:37,-08:00,2025-01-18T23:04:37-08:00,0,19
style.css,12,css,f4bfd791,jgu0453,2025-01-18,23:04:37,-08:00,2025-01-18T23:04:37-08:00,0,26
style.css,13,css,a880e65b,jgu0453,2025-01-25,23:15:12,-08:00,2025-01-25T23:15:12-08:00,0,16
style.css,14,css,a880e65b,jgu0453,2025-01-25,23:15:12,-08:00,2025-01-25T23:15:12-08:00,0,14
style.css,15,css,f4bfd791,jgu0453,2025-01-18,23:04:37,-08:00,2025-01-18T23:04:37-08:00,0,0
style.css,16,css,f4bfd791,jgu0453,2025-01-18,23:04:37,-08:00,2025-01-18T23:04:37-08:00,0,0
style.css,17,css,f4bfd791,jgu0453,2025-01-18,23:04:37,-08:00,2025-01-18T23:04:37-08:00,0,19
style.css,18,css,f4bfd791,jgu0453,2025-01-18,23:04:37,-08:00,2025-01-18T23:04:37-08:00,0,7
style.css,19,css,f4bfd791,jgu0453,2025-01-18,23:04:37,-08:00,2025-01-18T23:04:37-08:00,0,18
style.css,20,css,a880e65b,jgu0453,2025-01-25,23:15:12,-08:00,2025-01-25T23:15:12-08:00,0,19
style.css,21,css,f4bfd791,jgu0453,2025-01-18,23:04:37,-08:00,2025-01-18T23:04:37-08:00,0,0
style.css,22,css,f4bfd791,jgu0453,2025-01-18,23:04:37,-08:00,2025-01-18T23:04:37-08:00,0,0
style.css,23,css,f4bfd791,jgu0453,2025-01-18,23:04:37,-08:00,2025-01-18T23:04:37-08:00,0,10
style.css,24,css,a880e65b,jgu0453,2025-01-25,23:15:12,-08:00,2025-01-25T23:15:12-08:00,0,14
style.css,25,css,f4bfd791,jgu0453,2025-01-18,23:04:37,-08:00,2025-01-18T23:04:37-08:00,0,9
style.css,26,css,f4bfd791,jgu0453,2025-01-18,23:04:37,-08:00,2025-01-18T23:04:37-08:00,0,0
style.css,27,css,f4bfd791,jgu0453,2025-01-18,23:04:37,-08:00,2025-01-18T23:04:37-08:00,0,0
style.css,28,css,f4bfd791,jgu0453,2025-01-18,23:04:37,-08:00,2025-01-18T23:04:37-08:00,0,9
style.css,29,css,a880e65b,jgu0453,2025-01-25,23:15:12,-08:00,2025-01-25T23:15:12-08:00,0,16
style.css,30,css,a880e65b,jgu0453,2025-01-25,23:15:12,-08:00,2025-01-25T23:15:12-08:00,0,11
style.css,31,css,f4bfd791,jgu0453,2025-01-18,23:04:37,-08:00,2025-01-18T23:04:37-08:00,0,0
style.css,32,css,f4bfd791,jgu0453,2025-01-18,23:04:37,-08:00,2025-01-18T23:04:37-08:00,0,0
style.css,33,css,f4bfd791,jgu0453,2025-01-18,23:04:37,-08:00,2025-01-18T23:04:37-08:00,0,22
style.css,34,css,7855f0ff,jgu0453,2025-01-18,22:20:58,-08:00,2025-01-18T22:20:58-08:00,0,4
style.css,35,css,a880e65b,jgu0453,2025-01-25,23:15:12,-08:00,2025-01-25T23:15:12-08:00,0,25
style.css,36,css,a880e65b,jgu0453,2025-01-25,23:15:12,-08:00,2025-01-25T23:15:12-08:00,0,13
style.css,37,css,a880e65b,jgu0453,2025-01-25,23:15:12,-08:00,2025-01-25T23:15:12-08:00,0,18
style.css,38,css,f4bfd791,jgu0453,2025-01-18,23:04:37,-08:00,2025-01-18T23:04:37-08:00,0,18
style.css,39,css,a880e65b,jgu0453,2025-01-25,23:15:12,-08:00,2025-01-25T23:15:12-08:00,0,19
style.css,40,css,7855f0ff,jgu0453,2025-01-18,22:20:58,-08:00,2025-01-18T22:20:58-08:00,0,0
style.css,41,css,7855f0ff,jgu0453,2025-01-18,22:20:58,-08:00,2025-01-18T22:20:58-08:00,0,0
style.css,42,css,7855f0ff,jgu0453,2025-01-18,22:20:58,-08:00,2025-01-18T22:20:58-08:00,0,6
style.css,43,css,a880e65b,jgu0453,2025-01-25,23:15:12,-08:00,2025-01-25T23:15:12-08:00,0,11
style.css,44,css,a880e65b,jgu0453,2025-01-25,23:15:12,-08:00,2025-01-25T23:15:12-08:00,0,21
style.css,45,css,a880e65b,jgu0453,2025-01-25,23:15:12,-08:00,2025-01-25T23:15:12-08:00,0,14
style.css,46,css,7855f0ff,jgu0453,2025-01-18,22:20:58,-08:00,2025-01-18T22:20:58-08:00,0,0
style.css,47,css,7855f0ff,jgu0453,2025-01-18,22:20:58,-08:00,2025-01-18T22:20:58-08:00,0,0
style.css,48,css,7855f0ff,jgu0453,2025-01-18,22:20:58,-08:00,2025-01-18T22:20:58-08:00,0,12
style.css,49,css,a880e65b,jgu0453,2025-01-25,23:15:12,-08:00,2025-01-25T23:15:12-08:00,0,26
style.css,50,css,a880e65b,jgu0453,2025-01-25,23:15:12,-08:00,2025-01-25T23:15:12-08:00,0,0
style.css,51,css,a880e65b,jgu0453,2025-01-25,23:15:12,-08:00,2025-01-25T23:15:12-08:00,0,0
style.css,52,css,a880e65b,jgu0453,2025-01-25,23:15:12,-08:00,2025-01-25T23:15:12-08:00,0,14
style.css,53,css,a880e65b,jgu0453,2025-01-25,23:15:12,-08:00,2025-01-25T23:15:12-08:00,0,17
style.css,54,css,a880e65b,jgu0453,2025-01-25,23:15:12,-08:00,2025-01-25T23:15:12-08:00,0,26
style.css,55,css,f4bfd791,jgu0453,2025-01-18,23:04:37,-08:00,2025-01-18T23:04:37-08:00,0,0
style.css,56,css,f4bfd791,jgu0453,2025-01-18,23:04:37,-08:00,2025-01-18T23:04:37-08:00,0,0
style.css,57,css,f4bfd791,jgu0453,2025-01-18,23:04:37,-08:00,2025-01-18T23:04:37-08:00,0,24
style.css,58,css,f4bfd791,jgu0453,2025-01-18,23:04:37,-08:00,2025-01-18T23:04:37-08:00,0,5
style.css,59,css,a880e65b,jgu0453,2025-01-25,23:15:12,-08:00,2025-01-25T23:15:12-08:00,0,25
style.css,60,css,a880e65b,jgu0453,2025-01-25,23:15:12,-08:00,2025-01-25T23:15:12-08:00,0,13
style.css,61,css,a880e65b,jgu0453,2025-01-25,23:15:12,-08:00,2025-01-25T23:15:12-08:00,0,18
style.css,62,css,a880e65b,jgu0453,2025-01-25,23:15:12,-08:00,2025-01-25T23:15:12-08:00,0,40
style.css,63,css,f4bfd791,jgu0453,2025-01-18,23:04:37,-08:00,2025-01-18T23:04:37-08:00,0,0
style.css,64,css,f4bfd791,jgu0453,2025-01-18,23:04:37,-08:00,2025-01-18T23:04:37-08:00,0,0
style.css,65,css,f4bfd791,jgu0453,2025-01-18,23:04:37,-08:00,2025-01-18T23:04:37-08:00,0,19
style.css,66,css,f4bfd791,jgu0453,2025-01-18,23:04:37,-08:00,2025-01-18T23:04:37-08:00,0,7
style.css,67,css,f4bfd791,jgu0453,2025-01-18,23:04:37,-08:00,2025-01-18T23:04:37-08:00,0,18
style.css,68,css,a880e65b,jgu0453,2025-01-25,23:15:12,-08:00,2025-01-25T23:15:12-08:00,0,16
style.css,69,css,a880e65b,jgu0453,2025-01-25,23:15:12,-08:00,2025-01-25T23:15:12-08:00,0,11
style.css,70,css,a880e65b,jgu0453,2025-01-25,23:15:12,-08:00,2025-01-25T23:15:12-08:00,0,16
style.css,71,css,f4bfd791,jgu0453,2025-01-18,23:04:37,-08:00,2025-01-18T23:04:37-08:00,0,0
style.css,72,css,f4bfd791,jgu0453,2025-01-18,23:04:37,-08:00,2025-01-18T23:04:37-08:00,0,0
style.css,73,css,f4bfd791,jgu0453,2025-01-18,23:04:37,-08:00,2025-01-18T23:04:37-08:00,0,9
style.css,74,css,f4bfd791,jgu0453,2025-01-18,23:04:37,-08:00,2025-01-18T23:04:37-08:00,0,9
style.css,75,css,f4bfd791,jgu0453,2025-01-18,23:04:37,-08:00,2025-01-18T23:04:37-08:00,0,0
style.css,76,css,f4bfd791,jgu0453,2025-01-18,23:04:37,-08:00,2025-01-18T23:04:37-08:00,0,0
style.css,77,css,f4bfd791,jgu0453,2025-01-18,23:04:37,-08:00,2025-01-18T23:04:37-08:00,0,18
style.css,78,css,f4bfd791,jgu0453,2025-01-18,23:04:37,-08:00,2025-01-18T23:04:37-08:00,0,7
style.css,79,css,f4bfd791,jgu0453,2025-01-18,23:04:37,-08:00,2025-01-18T23:04:37-08:00,0,18
style.css,80,css,a880e65b,jgu0453,2025-01-25,23:15:12,-08:00,2025-01-25T23:15:12-08:00,0,14
style.css,81,css,7855f0ff,jgu0453,2025-01-18,22:20:58,-08:00,2025-01-18T22:20:58-08:00,0,0
style.css,82,css,7855f0ff,jgu0453,2025-01-18,22:20:58,-08:00,2025-01-18T22:20:58-08:00,0,0
style.css,83,css,f4bfd791,jgu0453,2025-01-18,23:04:37,-08:00,2025-01-18T23:04:37-08:00,0,11
style.css,84,css,a880e65b,jgu0453,2025-01-25,23:15:12,-08:00,2025-01-25T23:15:12-08:00,0,15
style.css,85,css,a880e65b,jgu0453,2025-01-25,23:15:12,-08:00,2025-01-25T23:15:12-08:00,0,12
style.css,86,css,7855f0ff,jgu0453,2025-01-18,22:20:58,-08:00,2025-01-18T22:20:58-08:00,0,0
style.css,87,css,7855f0ff,jgu0453,2025-01-18,22:20:58,-08:00,2025-01-18T22:20:58-08:00,0,0
style.css,88,css,f4bfd791,jgu0453,2025-01-18,23:04:37,-08:00,2025-01-18T23:04:37-08:00,0,18
style.css,89,css,a880e65b,jgu0453,2025-01-25,23:15:12,-08:00,2025-01-25T23:15:12-08:00,0,16
style.css,90,css,a880e65b,jgu0453,2025-01-25,23:15:12,-08:00,2025-01-25T23:15:12-08:00,0,11
style.css,91,css,7855f0ff,jgu0453,2025-01-18,22:20:58,-08:00,2025-01-18T22:20:58-08:00,0,0
style.css,92,css,7855f0ff,jgu0453,2025-01-18,22:20:58,-08:00,2025-01-18T22:20:58-08:00,0,0
style.css,93,css,f4bfd791,jgu0453,2025-01-18,23:04:37,-08:00,2025-01-18T23:04:37-08:00,0,16
style.css,94,css,7855f0ff,jgu0453,2025-01-18,22:20:58,-08:00,2025-01-18T22:20:58-08:00,0,5
style.css,95,css,a880e65b,jgu0453,2025-01-25,23:15:12,-08:00,2025-01-25T23:15:12-08:00,0,25
style.css,96,css,a880e65b,jgu0453,2025-01-25,23:15:12,-08:00,2025-01-25T23:15:12-08:00,0,13
style.css,97,css,a880e65b,jgu0453,2025-01-25,23:15:12,-08:00,2025-01-25T23:15:12-08:00,0,18
style.css,98,css,a880e65b,jgu0453,2025-01-25,23:15:12,-08:00,2025-01-25T23:15:12-08:00,0,40
style.css,99,css,7855f0ff,jgu0453,2025-01-18,22:20:58,-08:00,2025-01-18T22:20:58-08:00,0,0
style.css,100,css,7855f0ff,jgu0453,2025-01-18,22:20:58,-08:00,2025-01-18T22:20:58-08:00,0,0
style.css,101,css,7855f0ff,jgu0453,2025-01-18,22:20:58,-08:00,2025-01-18T22:20:58-08:00,0,11
style.css,102,css,a880e65b,jgu0453,2025-01-25,23:15:12,-08:00,2025-01-25T23:15:12-08:00,0,14
style.css,103,css,a880e65b,jgu0453,2025-01-25,23:15:12,-08:00,2025-01-25T23:15:12-08:00,0,18
style.css,104,css,a880e65b,jgu0453,2025-01-25,23:15:12,-08:00,2025-01-25T23:15:12-08:00,0,17
style.css,105,css,4a7abb68,jgu0453,2025-01-25,23:42:38,-08:00,2025-01-25T23:42:38-08:00,0,42
style.css,106,css,7855f0ff,jgu0453,2025-01-18,22:20:58,-08:00,2025-01-18T22:20:58-08:00,0,0
style.css,107,css,7855f0ff,jgu0453,2025-01-18,22:20:58,-08:00,2025-01-18T22:20:58-08:00,0,0
style.css,108,css,f4bfd791,jgu0453,2025-01-18,23:04:37,-08:00,2025-01-18T23:04:37-08:00,0,39
style.css,109,css,a880e65b,jgu0453,2025-01-25,23:15:12,-08:00,2025-01-25T23:15:12-08:00,0,11
style.css,110,css,a880e65b,jgu0453,2025-01-25,23:15:12,-08:00,2025-01-25T23:15:12-08:00,0,13
style.css,111,css,a880e65b,jgu0453,2025-01-25,23:15:12,-08:00,2025-01-25T23:15:12-08:00,0,19
style.css,112,css,a880e65b,jgu0453,2025-01-25,23:15:12,-08:00,2025-01-25T23:15:12-08:00,0,22
style.css,113,css,a880e65b,jgu0453,2025-01-25,23:15:12,-08:00,2025-01-25T23:15:12-08:00,0,18
style.css,114,css,a880e65b,jgu0453,2025-01-25,23:15:12,-08:00,2025-01-25T23:15:12-08:00,0,14
style.css,115,css,7855f0ff,jgu0453,2025-01-18,22:20:58,-08:00,2025-01-18T22:20:58-08:00,0,0
style.css,116,css,7855f0ff,jgu0453,2025-01-18,22:20:58,-08:00,2025-01-18T22:20:58-08:00,0,0
style.css,117,css,7855f0ff,jgu0453,2025-01-18,22:20:58,-08:00,2025-01-18T22:20:58-08:00,0,12
style.css,118,css,a880e65b,jgu0453,2025-01-25,23:15:12,-08:00,2025-01-25T23:15:12-08:00,0,25
style.css,119,css,a880e65b,jgu0453,2025-01-25,23:15:12,-08:00,2025-01-25T23:15:12-08:00,0,11
style.css,120,css,a880e65b,jgu0453,2025-01-25,23:15:12,-08:00,2025-01-25T23:15:12-08:00,0,12
style.css,121,css,a880e65b,jgu0453,2025-01-25,23:15:12,-08:00,2025-01-25T23:15:12-08:00,0,15
style.css,122,css,7855f0ff,jgu0453,2025-01-18,22:20:58,-08:00,2025-01-18T22:20:58-08:00,0,0
style.css,123,css,7855f0ff,jgu0453,2025-01-18,22:20:58,-08:00,2025-01-18T22:20:58-08:00,0,0
style.css,124,css,7855f0ff,jgu0453,2025-01-18,22:20:58,-08:00,2025-01-18T22:20:58-08:00,0,18
style.css,125,css,a880e65b,jgu0453,2025-01-25,23:15:12,-08:00,2025-01-25T23:15:12-08:00,0,25
style.css,126,css,a880e65b,jgu0453,2025-01-25,23:15:12,-08:00,2025-01-25T23:15:12-08:00,0,0
style.css,127,css,a880e65b,jgu0453,2025-01-25,23:15:12,-08:00,2025-01-25T23:15:12-08:00,0,0
style.css,128,css,a880e65b,jgu0453,2025-01-25,23:15:12,-08:00,2025-01-25T23:15:12-08:00,0,22
style.css,129,css,a880e65b,jgu0453,2025-01-25,23:15:12,-08:00,2025-01-25T23:15:12-08:00,0,15
style.css,130,css,a880e65b,jgu0453,2025-01-25,23:15:12,-08:00,2025-01-25T23:15:12-08:00,0,25
style.css,131,css,a880e65b,jgu0453,2025-01-25,23:15:12,-08:00,2025-01-25T23:15:12-08:00,0,14
style.css,132,css,a880e65b,jgu0453,2025-01-25,23:15:12,-08:00,2025-01-25T23:15:12-08:00,0,0
style.css,133,css,a880e65b,jgu0453,2025-01-25,23:15:12,-08:00,2025-01-25T23:15:12-08:00,0,0
style.css,134,css,a880e65b,jgu0453,2025-01-25,23:15:12,-08:00,2025-01-25T23:15:12-08:00,0,19
style.css,135,css,a880e65b,jgu0453,2025-01-25,23:15:12,-08:00,2025-01-25T23:15:12-08:00,0,22
style.css,136,css,a880e65b,jgu0453,2025-01-25,23:15:12,-08:00,2025-01-25T23:15:12-08:00,0,0
style.css,137,css,a880e65b,jgu0453,2025-01-25,23:15:12,-08:00,2025-01-25T23:15:12-08:00,0,0
style.css,138,css,a880e65b,jgu0453,2025-01-25,23:15:12,-08:00,2025-01-25T23:15:12-08:00,0,21
style.css,139,css,a880e65b,jgu0453,2025-01-25,23:15:12,-08:00,2025-01-25T23:15:12-08:00,0,14
style.css,140,css,a880e65b,jgu0453,2025-01-25,23:15:12,-08:00,2025-01-25T23:15:12-08:00,0,0
style.css,141,css,a880e65b,jgu0453,2025-01-25,23:15:12,-08:00,2025-01-25T23:15:12-08:00,0,0
style.css,142,css,a880e65b,jgu0453,2025-01-25,23:15:12,-08:00,2025-01-25T23:15:12-08:00,0,20
style.css,143,css,a880e65b,jgu0453,2025-01-25,23:15:12,-08:00,2025-01-25T23:15:12-08:00,0,25
style.css,144,css,a880e65b,jgu0453,2025-01-25,23:15:12,-08:00,2025-01-25T23:15:12-08:00,0,14
style.css,145,css,a880e65b,jgu0453,2025-01-25,23:15:12,-08:00,2025-01-25T23:15:12-08:00,0,0
style.css,146,css,a880e65b,jgu0453,2025-01-25,23:15:12,-08:00,2025-01-25T23:15:12-08:00,0,0
style.css,147,css,a880e65b,jgu0453,2025-01-25,23:15:12,-08:00,2025-01-25T23:15:12-08:00,0,22
style.css,148,css,a880e65b,jgu0453,2025-01-25,23:15:12,-08:00,2025-01-25T23:15:12-08:00,0,11
style.css,149,css,a880e65b,jgu0453,2025-01-25,23:15:12,-08:00,2025-01-25T23:15:12-08:00,0,0
style.css,150,css,a880e65b,jgu0453,2025-01-25,23:15:12,-08:00,2025-01-25T23:15:12-08:00,0,0
style.css,151,css,4a7abb68,jgu0453,2025-01-25,23:42:38,-08:00,2025-01-25T23:42:38-08:00,0,25
style.css,152,css,4a7abb68,jgu0453,2025-01-25,23:42:38,-08:00,2025-01-25T23:42:38-08:00,0,26
style.css,153,css,4a7abb68,jgu0453,2025-01-25,23:42:38,-08:00,2025-01-25T23:42:38-08:00,0,52
style.css,154,css,4a7abb68,jgu0453,2025-01-25,23:42:38,-08:00,2025-01-25T23:42:38-08:00,0,0
style.css,155,css,4a7abb68,jgu0453,2025-01-25,23:42:38,-08:00,2025-01-25T23:42:38-08:00,0,0
style.css,156,css,a880e65b,jgu0453,2025-01-25,23:15:12,-08:00,2025-01-25T23:15:12-08:00,0,21
style.css,157,css,a880e65b,jgu0453,2025-01-25,23:15:12,-08:00,2025-01-25T23:15:12-08:00,0,18
style.css,158,css,e510e460,jgu0453,2025-01-25,23:20:18,-08:00,2025-01-25T23:20:18-08:00,0,15
style.css,159,css,e510e460,jgu0453,2025-01-25,23:20:18,-08:00,2025-01-25T23:20:18-08:00,0,9
style.css,160,css,e510e460,jgu0453,2025-01-25,23:20:18,-08:00,2025-01-25T23:20:18-08:00,0,11
style.css,161,css,a880e65b,jgu0453,2025-01-25,23:15:12,-08:00,2025-01-25T23:15:12-08:00,0,25
style.css,162,css,a880e65b,jgu0453,2025-01-25,23:15:12,-08:00,2025-01-25T23:15:12-08:00,0,12
style.css,163,css,a880e65b,jgu0453,2025-01-25,23:15:12,-08:00,2025-01-25T23:15:12-08:00,0,12
style.css,164,css,e510e460,jgu0453,2025-01-25,23:20:18,-08:00,2025-01-25T23:20:18-08:00,0,18
style.css,165,css,e510e460,jgu0453,2025-01-25,23:20:18,-08:00,2025-01-25T23:20:18-08:00,0,18
style.css,166,css,e510e460,jgu0453,2025-01-25,23:20:18,-08:00,2025-01-25T23:20:18-08:00,0,16
style.css,167,css,a880e65b,jgu0453,2025-01-25,23:15:12,-08:00,2025-01-25T23:15:12-08:00,0,15
style.css,168,css,e510e460,jgu0453,2025-01-25,23:20:18,-08:00,2025-01-25T23:20:18-08:00,0,40
style.css,169,css,e510e460,jgu0453,2025-01-25,23:20:18,-08:00,2025-01-25T23:20:18-08:00,0,38
style.css,170,css,a880e65b,jgu0453,2025-01-25,23:15:12,-08:00,2025-01-25T23:15:12-08:00,0,0
style.css,171,css,a880e65b,jgu0453,2025-01-25,23:15:12,-08:00,2025-01-25T23:15:12-08:00,0,0
style.css,172,css,a880e65b,jgu0453,2025-01-25,23:15:12,-08:00,2025-01-25T23:15:12-08:00,0,24
style.css,173,css,a880e65b,jgu0453,2025-01-25,23:15:12,-08:00,2025-01-25T23:15:12-08:00,0,25
style.css,174,css,bc1e8e78,jgu0453,2025-01-11,23:17:31,-08:00,2025-01-11T23:17:31-08:00,0,0
style.css,175,css,26715cd1,jgu0453,2025-02-09,00:15:18,-08:00,2025-02-09T00:15:18-08:00,0,0
style.css,176,css,26715cd1,jgu0453,2025-02-09,00:15:18,-08:00,2025-02-09T00:15:18-08:00,0,13
style.css,177,css,26715cd1,jgu0453,2025-02-09,00:15:18,-08:00,2025-02-09T00:15:18-08:00,0,13
style.css,178,css,26715cd1,jgu0453,2025-02-09,00:15:18,-08:00,2025-02-09T00:15:18-08:00,0,59
style.css,179,css,26715cd1,jgu0453,2025-02-09,00:15:18,-08:00,2025-02-09T00:15:18-08:00,0,9
style.css,180,css,26715cd1,jgu0453,2025-02-09,00:15:18,-08:00,2025-02-09T00:15:18-08:00,0,16
style.css,181,css,26715cd1,jgu0453,2025-02-09,00:15:18,-08:00,2025-02-09T00:15:18-08:00,0,0
style.css,182,css,26715cd1,jgu0453,2025-02-09,00:15:18,-08:00,2025-02-09T00:15:18-08:00,0,0
style.css,183,css,26715cd1,jgu0453,2025-02-09,00:15:18,-08:00,2025-02-09T00:15:18-08:00,0,9
style.css,184,css,26715cd1,jgu0453,2025-02-09,00:15:18,-08:00,2025-02-09T00:15:18-08:00,0,18
style.css,185,css,26715cd1,jgu0453,2025-02-09,00:15:18,-08:00,2025-02-09T00:15:18-08:00,0,13
style.css,186,css,26715cd1,jgu0453,2025-02-09,00:15:18,-08:00,2025-02-09T00:15:18-08:00,0,18
style.css,187,css,26715cd1,jgu0453,2025-02-09,00:15:18,-08:00,2025-02-09T00:15:18-08:00,0,0
style.css,188,css,26715cd1,jgu0453,2025-02-09,00:15:18,-08:00,2025-02-09T00:15:18-08:00,0,0
style.css,189,css,26715cd1,jgu0453,2025-02-09,00:15:18,-08:00,2025-02-09T00:15:18-08:00,0,12
style.css,190,css,26715cd1,jgu0453,2025-02-09,00:15:18,-08:00,2025-02-09T00:15:18-08:00,0,16
style.css,191,css,26715cd1,jgu0453,2025-02-09,00:15:18,-08:00,2025-02-09T00:15:18-08:00,0,17
style.css,192,css,26715cd1,jgu0453,2025-02-09,00:15:18,-08:00,2025-02-09T00:15:18-08:00,0,19
style.css,193,css,26715cd1,jgu0453,2025-02-09,00:15:18,-08:00,2025-02-09T00:15:18-08:00,0,0
style.css,194,css,26715cd1,jgu0453,2025-02-09,00:15:18,-08:00,2025-02-09T00:15:18-08:00,0,0
style.css,195,css,26715cd1,jgu0453,2025-02-09,00:15:18,-08:00,2025-02-09T00:15:18-08:00,0,13
style.css,196,css,26715cd1,jgu0453,2025-02-09,00:15:18,-08:00,2025-02-09T00:15:18-08:00,0,11
style.css,197,css,26715cd1,jgu0453,2025-02-09,00:15:18,-08:00,2025-02-09T00:15:18-08:00,0,13
style.css,198,css,26715cd1,jgu0453,2025-02-09,00:15:18,-08:00,2025-02-09T00:15:18-08:00,0,17
style.css,199,css,26715cd1,jgu0453,2025-02-09,00:15:18,-08:00,2025-02-09T00:15:18-08:00,0,25
style.css,200,css,26715cd1,jgu0453,2025-02-09,00:15:18,-08:00,2025-02-09T00:15:18-08:00,0,14
style.css,201,css,26715cd1,jgu0453,2025-02-09,00:15:18,-08:00,2025-02-09T00:15:18-08:00,0,0
style.css,202,css,26715cd1,jgu0453,2025-02-09,00:15:18,-08:00,2025-02-09T00:15:18-08:00,0,0
style.css,203,css,26715cd1,jgu0453,2025-02-09,00:15:18,-08:00,2025-02-09T00:15:18-08:00,0,11
style.css,204,css,26715cd1,jgu0453,2025-02-09,00:15:18,-08:00,2025-02-09T00:15:18-08:00,0,16
style.css,205,css,26715cd1,jgu0453,2025-02-09,00:15:18,-08:00,2025-02-09T00:15:18-08:00,0,11
style.css,206,css,26715cd1,jgu0453,2025-02-09,00:15:18,-08:00,2025-02-09T00:15:18-08:00,0,16
style.css,207,css,26715cd1,jgu0453,2025-02-09,00:15:18,-08:00,2025-02-09T00:15:18-08:00,0,0
style.css,208,css,26715cd1,jgu0453,2025-02-09,00:15:18,-08:00,2025-02-09T00:15:18-08:00,0,0
style.css,209,css,26715cd1,jgu0453,2025-02-09,00:15:18,-08:00,2025-02-09T00:15:18-08:00,0,11
style.css,210,css,26715cd1,jgu0453,2025-02-09,00:15:18,-08:00,2025-02-09T00:15:18-08:00,0,21
style.css,211,css,26715cd1,jgu0453,2025-02-09,00:15:18,-08:00,2025-02-09T00:15:18-08:00,0,16
style.css,212,css,26715cd1,jgu0453,2025-02-09,00:15:18,-08:00,2025-02-09T00:15:18-08:00,0,14
style.css,213,css,26715cd1,jgu0453,2025-02-09,00:15:18,-08:00,2025-02-09T00:15:18-08:00,0,21
style.css,214,css,26715cd1,jgu0453,2025-02-09,00:15:18,-08:00,2025-02-09T00:15:18-08:00,0,17
style.css,215,css,26715cd1,jgu0453,2025-02-09,00:15:18,-08:00,2025-02-09T00:15:18-08:00,0,0
index.html,1,html,67d0d17f,jgu0453,2025-01-11,22:46:34,-08:00,2025-01-11T22:46:34-08:00,0,14
index.html,2,html,67d0d17f,jgu0453,2025-01-11,22:46:34,-08:00,2025-01-11T22:46:34-08:00,0,15
index.html,3,html,67d0d17f,jgu0453,2025-01-11,22:46:34,-08:00,2025-01-11T22:46:34-08:00,0,5
index.html,4,html,67d0d17f,jgu0453,2025-01-11,22:46:34,-08:00,2025-01-11T22:46:34-08:00,0,21
index.html,5,html,67d0d17f,jgu0453,2025-01-11,22:46:34,-08:00,2025-01-11T22:46:34-08:00,0,69
index.html,6,html,46e450a1,jgu0453,2025-01-18,22:50:56,-08:00,2025-01-18T22:50:56-08:00,0,54
index.html,7,html,087375a6,jgu0453,2025-01-11,23:18:37,-08:00,2025-01-11T23:18:37-08:00,0,39
index.html,8,html,67d0d17f,jgu0453,2025-01-11,22:46:34,-08:00,2025-01-11T22:46:34-08:00,0,6
index.html,9,html,67d0d17f,jgu0453,2025-01-11,22:46:34,-08:00,2025-01-11T22:46:34-08:00,0,5
index.html,10,html,46e450a1,jgu0453,2025-01-18,22:50:56,-08:00,2025-01-18T22:50:56-08:00,0,7
index.html,11,html,46e450a1,jgu0453,2025-01-18,22:50:56,-08:00,2025-01-18T22:50:56-08:00,0,19
index.html,12,html,46e450a1,jgu0453,2025-01-18,22:50:56,-08:00,2025-01-18T22:50:56-08:00,0,48
index.html,13,html,46e450a1,jgu0453,2025-01-18,22:50:56,-08:00,2025-01-18T22:50:56-08:00,0,8
index.html,14,html,59e3732d,jgu0453,2025-01-11,23:16:45,-08:00,2025-01-11T23:16:45-08:00,0,0
index.html,15,html,0b5db8a5,jgu0453,2025-01-11,23:23:36,-08:00,2025-01-11T23:23:36-08:00,0,4
index.html,16,html,46e450a1,jgu0453,2025-01-18,22:50:56,-08:00,2025-01-18T22:50:56-08:00,0,50
index.html,17,html,46e450a1,jgu0453,2025-01-18,22:50:56,-08:00,2025-01-18T22:50:56-08:00,0,43
index.html,18,html,46e450a1,jgu0453,2025-01-18,22:50:56,-08:00,2025-01-18T22:50:56-08:00,0,41
index.html,19,html,dc42ebe4,jgu0453,2025-01-12,00:02:00,-08:00,2025-01-12T00:02:00-08:00,0,31
index.html,20,html,b2a60de2,jgu0453,2025-02-26,19:49:06,-08:00,2025-02-26T19:49:06-08:00,0,35
index.html,21,html,4f7a597a,jgu0453,2025-01-11,23:29:07,-08:00,2025-01-11T23:29:07-08:00,0,62
index.html,22,html,0b5db8a5,jgu0453,2025-01-11,23:23:36,-08:00,2025-01-11T23:23:36-08:00,0,5
index.html,23,html,0b5db8a5,jgu0453,2025-01-11,23:23:36,-08:00,2025-01-11T23:23:36-08:00,0,0
index.html,24,html,46e450a1,jgu0453,2025-01-18,22:50:56,-08:00,2025-01-18T22:50:56-08:00,0,5
index.html,25,html,46e450a1,jgu0453,2025-01-18,22:50:56,-08:00,2025-01-18T22:50:56-08:00,0,8
index.html,26,html,46e450a1,jgu0453,2025-01-18,22:50:56,-08:00,2025-01-18T22:50:56-08:00,0,16
index.html,27,html,46e450a1,jgu0453,2025-01-18,22:50:56,-08:00,2025-01-18T22:50:56-08:00,0,2
index.html,28,html,46e450a1,jgu0453,2025-01-18,22:50:56,-08:00,2025-01-18T22:50:56-08:00,0,98
index.html,29,html,46e450a1,jgu0453,2025-01-18,22:50:56,-08:00,2025-01-18T22:50:56-08:00,0,54
index.html,30,html,46e450a1,jgu0453,2025-01-18,22:50:56,-08:00,2025-01-18T22:50:56-08:00,0,3
index.html,31,html,46e450a1,jgu0453,2025-01-18,22:50:56,-08:00,2025-01-18T22:50:56-08:00,0,9
index.html,32,html,46e450a1,jgu0453,2025-01-18,22:50:56,-08:00,2025-01-18T22:50:56-08:00,0,0
index.html,33,html,46e450a1,jgu0453,2025-01-18,22:50:56,-08:00,2025-01-18T22:50:56-08:00,0,7
index.html,34,html,46e450a1,jgu0453,2025-01-18,22:50:56,-08:00,2025-01-18T22:50:56-08:00,0,80
index.html,35,html,d4979721,jgu0453,2025-02-01,23:12:59,-08:00,2025-02-01T23:12:59-08:00,0,35
index.html,36,html,46e450a1,jgu0453,2025-01-18,22:50:56,-08:00,2025-01-18T22:50:56-08:00,0,8
index.html,37,html,d4979721,jgu0453,2025-02-01,23:12:59,-08:00,2025-02-01T23:12:59-08:00,0,0
index.html,38,html,da692ec9,jgu0453,2025-02-08,22:09:10,-08:00,2025-02-08T22:09:10-08:00,0,34
index.html,39,html,da692ec9,jgu0453,2025-02-08,22:09:10,-08:00,2025-02-08T22:09:10-08:00,0,25
index.html,40,html,da692ec9,jgu0453,2025-02-08,22:09:10,-08:00,2025-02-08T22:09:10-08:00,0,35
index.html,41,html,da692ec9,jgu0453,2025-02-08,22:09:10,-08:00,2025-02-08T22:09:10-08:00,0,9
index.html,42,html,da692ec9,jgu0453,2025-02-08,22:09:10,-08:00,2025-02-08T22:09:10-08:00,0,0
index.html,43,html,da692ec9,jgu0453,2025-02-08,22:09:10,-08:00,2025-02-08T22:09:10-08:00,0,21
index.html,44,html,46b2f1aa,jgu0453,2025-02-08,22:23:10,-08:00,2025-02-08T22:23:10-08:00,0,55
index.html,45,html,da692ec9,jgu0453,2025-02-08,22:09:10,-08:00,2025-02-08T22:09:10-08:00,0,0
index.html,46,html,da692ec9,jgu0453,2025-02-08,22:09:10,-08:00,2025-02-08T22:09:10-08:00,0,58
index.html,47,html,da692ec9,jgu0453,2025-02-08,22:09:10,-08:00,2025-02-08T22:09:10-08:00,0,68
index.html,48,html,46b2f1aa,jgu0453,2025-02-08,22:23:10,-08:00,2025-02-08T22:23:10-08:00,0,64
index.html,49,html,da692ec9,jgu0453,2025-02-08,22:09:10,-08:00,2025-02-08T22:09:10-08:00,0,0
index.html,50,html,da692ec9,jgu0453,2025-02-08,22:09:10,-08:00,2025-02-08T22:09:10-08:00,0,14
index.html,51,html,da692ec9,jgu0453,2025-02-08,22:09:10,-08:00,2025-02-08T22:09:10-08:00,0,90
index.html,52,html,da692ec9,jgu0453,2025-02-08,22:09:10,-08:00,2025-02-08T22:09:10-08:00,0,0
index.html,53,html,da692ec9,jgu0453,2025-02-08,22:09:10,-08:00,2025-02-08T22:09:10-08:00,0,2
index.html,54,html,da692ec9,jgu0453,2025-02-08,22:09:10,-08:00,2025-02-08T22:09:10-08:00,0,8
index.html,55,html,da692ec9,jgu0453,2025-02-08,22:09:10,-08:00,2025-02-08T22:09:10-08:00,0,0
index.html,56,html,46e450a1,jgu0453,2025-01-18,22:50:56,-08:00,2025-01-18T22:50:56-08:00,0,6
index.html,57,html,46e450a1,jgu0453,2025-01-18,22:50:56,-08:00,2025-01-18T22:50:56-08:00,0,0
index.html,58,html,07baacb1,jgu0453,2025-01-25,23:17:38,-08:00,2025-01-25T23:17:38-08:00,0,50
index.html,59,html,42bfbd49,jgu0453,2025-01-25,23:02:13,-08:00,2025-01-25T23:02:13-08:00,0,0
index.html,60,html,46e450a1,jgu0453,2025-01-18,22:50:56,-08:00,2025-01-18T22:50:56-08:00,0,7
index.html,61,html,46e450a1,jgu0453,2025-01-18,22:50:56,-08:00,2025-01-18T22:50:56-08:00,0,51
index.html,62,html,46e450a1,jgu0453,2025-01-18,22:50:56,-08:00,2025-01-18T22:50:56-08:00,0,8
index.html,63,html,67d0d17f,jgu0453,2025-01-11,22:46:34,-08:00,2025-01-11T22:46:34-08:00,0,6
index.html,64,html,0b5db8a5,jgu0453,2025-01-11,23:23:36,-08:00,2025-01-11T23:23:36-08:00,0,6
global.js,1,js,6a59936e,jgu0453,2025-02-15,23:24:10,-08:00,2025-02-15T23:24:10-08:00,0,11
global.js,2,js,748ec679,jgu0453,2025-01-25,23:21:17,-08:00,2025-01-25T23:21:17-08:00,0,26
global.js,3,js,4852f1f8,jgu0453,2025-01-25,22:58:23,-08:00,2025-01-25T22:58:23-08:00,0,0
global.js,4,js,e1e8b628,jgu0453,2025-01-25,23:04:27,-08:00,2025-01-25T23:04:27-08:00,0,50
global.js,5,js,4852f1f8,jgu0453,2025-01-25,22:58:23,-08:00,2025-01-25T22:58:23-08:00,0,42
global.js,6,js,4852f1f8,jgu0453,2025-01-25,22:58:23,-08:00,2025-01-25T22:58:23-08:00,0,53
global.js,7,js,4852f1f8,jgu0453,2025-01-25,22:58:23,-08:00,2025-01-25T22:58:23-08:00,0,0
global.js,8,js,e1e8b628,jgu0453,2025-01-25,23:04:27,-08:00,2025-01-25T23:04:27-08:00,0,0
global.js,9,js,e1e8b628,jgu0453,2025-01-25,23:04:27,-08:00,2025-01-25T23:04:27-08:00,0,56
global.js,10,js,e1e8b628,jgu0453,2025-01-25,23:04:27,-08:00,2025-01-25T23:04:27-08:00,0,32
global.js,11,js,ca77af98,jgu0453,2025-01-25,23:13:29,-08:00,2025-01-25T23:13:29-08:00,0,28
global.js,12,js,e1e8b628,jgu0453,2025-01-25,23:04:27,-08:00,2025-01-25T23:04:27-08:00,0,44
global.js,13,js,e1e8b628,jgu0453,2025-01-25,23:04:27,-08:00,2025-01-25T23:04:27-08:00,0,0
global.js,14,js,ca77af98,jgu0453,2025-01-25,23:13:29,-08:00,2025-01-25T23:13:29-08:00,0,27
global.js,15,js,e1e8b628,jgu0453,2025-01-25,23:04:27,-08:00,2025-01-25T23:04:27-08:00,0,44
global.js,16,js,7f6a62cd,jgu0453,2025-01-25,23:42:09,-08:00,2025-01-25T23:42:09-08:00,0,30
global.js,17,js,ca77af98,jgu0453,2025-01-25,23:13:29,-08:00,2025-01-25T23:13:29-08:00,0,29
global.js,18,js,e1e8b628,jgu0453,2025-01-25,23:04:27,-08:00,2025-01-25T23:04:27-08:00,0,0
global.js,19,js,e1e8b628,jgu0453,2025-01-25,23:04:27,-08:00,2025-01-25T23:04:27-08:00,0,2
global.js,20,js,e1e8b628,jgu0453,2025-01-25,23:04:27,-08:00,2025-01-25T23:04:27-08:00,0,0
global.js,21,js,e1e8b628,jgu0453,2025-01-25,23:04:27,-08:00,2025-01-25T23:04:27-08:00,0,0
global.js,22,js,e1e8b628,jgu0453,2025-01-25,23:04:27,-08:00,2025-01-25T23:04:27-08:00,0,32
global.js,23,js,e1e8b628,jgu0453,2025-01-25,23:04:27,-08:00,2025-01-25T23:04:27-08:00,0,31
global.js,24,js,ca77af98,jgu0453,2025-01-25,23:13:29,-08:00,2025-01-25T23:13:29-08:00,0,26
global.js,25,js,8766f296,jgu0453,2025-02-08,21:11:08,-08:00,2025-02-08T21:11:08-08:00,0,66
global.js,26,js,ca77af98,jgu0453,2025-01-25,23:13:29,-08:00,2025-01-25T23:13:29-08:00,0,0
global.js,27,js,8766f296,jgu0453,2025-02-08,21:11:08,-08:00,2025-02-08T21:11:08-08:00,0,21
global.js,28,js,8766f296,jgu0453,2025-02-08,21:11:08,-08:00,2025-02-08T21:11:08-08:00,0,43
global.js,29,js,8766f296,jgu0453,2025-02-08,21:11:08,-08:00,2025-02-08T21:11:08-08:00,0,6
global.js,30,js,8766f296,jgu0453,2025-02-08,21:11:08,-08:00,2025-02-08T21:11:08-08:00,0,0
global.js,31,js,ca77af98,jgu0453,2025-01-25,23:13:29,-08:00,2025-01-25T23:13:29-08:00,0,0
global.js,32,js,ca77af98,jgu0453,2025-01-25,23:13:29,-08:00,2025-01-25T23:13:29-08:00,0,45
global.js,33,js,ca77af98,jgu0453,2025-01-25,23:13:29,-08:00,2025-01-25T23:13:29-08:00,0,26
global.js,34,js,ca77af98,jgu0453,2025-01-25,23:13:29,-08:00,2025-01-25T23:13:29-08:00,0,53
global.js,35,js,3a0c16bc,jgu0453,2025-02-08,21:15:31,-08:00,2025-02-08T21:15:31-08:00,0,75
global.js,36,js,ca77af98,jgu0453,2025-01-25,23:13:29,-08:00,2025-01-25T23:13:29-08:00,0,60
global.js,37,js,e1e8b628,jgu0453,2025-01-25,23:04:27,-08:00,2025-01-25T23:04:27-08:00,0,0
global.js,38,js,e1e8b628,jgu0453,2025-01-25,23:04:27,-08:00,2025-01-25T23:04:27-08:00,0,0
global.js,39,js,ca77af98,jgu0453,2025-01-25,23:13:29,-08:00,2025-01-25T23:13:29-08:00,0,40
global.js,40,js,ca77af98,jgu0453,2025-01-25,23:13:29,-08:00,2025-01-25T23:13:29-08:00,0,56
global.js,41,js,e1e8b628,jgu0453,2025-01-25,23:04:27,-08:00,2025-01-25T23:04:27-08:00,0,0
global.js,42,js,e1e8b628,jgu0453,2025-01-25,23:04:27,-08:00,2025-01-25T23:04:27-08:00,0,40
global.js,43,js,ca77af98,jgu0453,2025-01-25,23:13:29,-08:00,2025-01-25T23:13:29-08:00,0,48
global.js,44,js,ca77af98,jgu0453,2025-01-25,23:13:29,-08:00,2025-01-25T23:13:29-08:00,0,27
global.js,45,js,ca77af98,jgu0453,2025-01-25,23:13:29,-08:00,2025-01-25T23:13:29-08:00,0,31
global.js,46,js,ca77af98,jgu0453,2025-01-25,23:13:29,-08:00,2025-01-25T23:13:29-08:00,0,48
global.js,47,js,ca77af98,jgu0453,2025-01-25,23:13:29,-08:00,2025-01-25T23:13:29-08:00,0,0
global.js,48,js,e1e8b628,jgu0453,2025-01-25,23:04:27,-08:00,2025-01-25T23:04:27-08:00,0,0
global.js,49,js,8766f296,jgu0453,2025-02-08,21:11:08,-08:00,2025-02-08T21:11:08-08:00,0,0
global.js,50,js,8766f296,jgu0453,2025-02-08,21:11:08,-08:00,2025-02-08T21:11:08-08:00,0,28
global.js,51,js,8766f296,jgu0453,2025-02-08,21:11:08,-08:00,2025-02-08T21:11:08-08:00,0,52
global.js,52,js,8766f296,jgu0453,2025-02-08,21:11:08,-08:00,2025-02-08T21:11:08-08:00,0,22
global.js,53,js,8766f296,jgu0453,2025-02-08,21:11:08,-08:00,2025-02-08T21:11:08-08:00,0,21
global.js,54,js,8766f296,jgu0453,2025-02-08,21:11:08,-08:00,2025-02-08T21:11:08-08:00,0,2
global.js,55,js,2425f8d2,jgu0453,2025-02-08,22:05:41,-08:00,2025-02-08T22:05:41-08:00,0,0
global.js,56,js,662a97f2,jgu0453,2025-02-26,19:52:00,-08:00,2025-02-26T19:52:00-08:00,0,36
global.js,57,js,2425f8d2,jgu0453,2025-02-08,22:05:41,-08:00,2025-02-08T22:05:41-08:00,0,37
global.js,58,js,6a59936e,jgu0453,2025-02-15,23:24:10,-08:00,2025-02-15T23:24:10-08:00,0,4
global.js,59,js,6a59936e,jgu0453,2025-02-15,23:24:10,-08:00,2025-02-15T23:24:10-08:00,0,33
global.js,60,js,662a97f2,jgu0453,2025-02-26,19:52:00,-08:00,2025-02-26T19:52:00-08:00,0,75
global.js,61,js,662a97f2,jgu0453,2025-02-26,19:52:00,-08:00,2025-02-26T19:52:00-08:00,0,0
global.js,62,js,662a97f2,jgu0453,2025-02-26,19:52:00,-08:00,2025-02-26T19:52:00-08:00,0,26
global.js,63,js,662a97f2,jgu0453,2025-02-26,19:52:00,-08:00,2025-02-26T19:52:00-08:00,0,34
global.js,64,js,662a97f2,jgu0453,2025-02-26,19:52:00,-08:00,2025-02-26T19:52:00-08:00,0,24
global.js,65,js,662a97f2,jgu0453,2025-02-26,19:52:00,-08:00,2025-02-26T19:52:00-08:00,0,7
global.js,66,js,662a97f2,jgu0453,2025-02-26,19:52:00,-08:00,2025-02-26T19:52:00-08:00,0,28
global.js,67,js,2425f8d2,jgu0453,2025-02-08,22:05:41,-08:00,2025-02-08T22:05:41-08:00,0,0
global.js,68,js,6a59936e,jgu0453,2025-02-15,23:24:10,-08:00,2025-02-15T23:24:10-08:00,0,16
global.js,69,js,662a97f2,jgu0453,2025-02-26,19:52:00,-08:00,2025-02-26T19:52:00-08:00,0,44
global.js,70,js,6a59936e,jgu0453,2025-02-15,23:24:10,-08:00,2025-02-15T23:24:10-08:00,0,0
global.js,71,js,2425f8d2,jgu0453,2025-02-08,22:05:41,-08:00,2025-02-08T22:05:41-08:00,0,0
global.js,72,js,2425f8d2,jgu0453,2025-02-08,22:05:41,-08:00,2025-02-08T22:05:41-08:00,0,0
global.js,73,js,5fadc198,jgu0453,2025-02-08,22:56:46,-08:00,2025-02-08T22:56:46-08:00,0,41
global.js,74,js,93eb6651,jgu0453,2025-02-09,00:15:58,-08:00,2025-02-09T00:15:58-08:00,0,73
global.js,75,js,6a59936e,jgu0453,2025-02-15,23:24:10,-08:00,2025-02-15T23:24:10-08:00,0,16
global.js,76,js,6a59936e,jgu0453,2025-02-15,23:24:10,-08:00,2025-02-15T23:24:10-08:00,0,46
global.js,77,js,6a59936e,jgu0453,2025-02-15,23:24:10,-08:00,2025-02-15T23:24:10-08:00,0,6
global.js,78,js,6a59936e,jgu0453,2025-02-15,23:24:10,-08:00,2025-02-15T23:24:10-08:00,0,0
global.js,79,js,6a59936e,jgu0453,2025-02-15,23:24:10,-08:00,2025-02-15T23:24:10-08:00,0,0
global.js,80,js,6a59936e,jgu0453,2025-02-15,23:24:10,-08:00,2025-02-15T23:24:10-08:00,0,50
global.js,81,js,6a59936e,jgu0453,2025-02-15,23:24:10,-08:00,2025-02-15T23:24:10-08:00,0,0
global.js,82,js,6a59936e,jgu0453,2025-02-15,23:24:10,-08:00,2025-02-15T23:24:10-08:00,0,28
global.js,83,js,6a59936e,jgu0453,2025-02-15,23:24:10,-08:00,2025-02-15T23:24:10-08:00,0,49
global.js,84,js,6a59936e,jgu0453,2025-02-15,23:24:10,-08:00,2025-02-15T23:24:10-08:00,0,32
global.js,85,js,6a59936e,jgu0453,2025-02-15,23:24:10,-08:00,2025-02-15T23:24:10-08:00,0,0
global.js,86,js,6a59936e,jgu0453,2025-02-15,23:24:10,-08:00,2025-02-15T23:24:10-08:00,0,15
global.js,87,js,6a59936e,jgu0453,2025-02-15,23:24:10,-08:00,2025-02-15T23:24:10-08:00,0,52
global.js,88,js,6a59936e,jgu0453,2025-02-15,23:24:10,-08:00,2025-02-15T23:24:10-08:00,0,35
global.js,89,js,6a59936e,jgu0453,2025-02-15,23:24:10,-08:00,2025-02-15T23:24:10-08:00,0,28
global.js,90,js,6a59936e,jgu0453,2025-02-15,23:24:10,-08:00,2025-02-15T23:24:10-08:00,0,0
global.js,91,js,6a59936e,jgu0453,2025-02-15,23:24:10,-08:00,2025-02-15T23:24:10-08:00,0,14
global.js,92,js,6a59936e,jgu0453,2025-02-15,23:24:10,-08:00,2025-02-15T23:24:10-08:00,0,40
global.js,93,js,6a59936e,jgu0453,2025-02-15,23:24:10,-08:00,2025-02-15T23:24:10-08:00,0,34
global.js,94,js,6a59936e,jgu0453,2025-02-15,23:24:10,-08:00,2025-02-15T23:24:10-08:00,0,42
global.js,95,js,6a59936e,jgu0453,2025-02-15,23:24:10,-08:00,2025-02-15T23:24:10-08:00,0,25
global.js,96,js,6a59936e,jgu0453,2025-02-15,23:24:10,-08:00,2025-02-15T23:24:10-08:00,0,0
global.js,97,js,6a59936e,jgu0453,2025-02-15,23:24:10,-08:00,2025-02-15T23:24:10-08:00,0,15
global.js,98,js,6a59936e,jgu0453,2025-02-15,23:24:10,-08:00,2025-02-15T23:24:10-08:00,0,41
global.js,99,js,6a59936e,jgu0453,2025-02-15,23:24:10,-08:00,2025-02-15T23:24:10-08:00,0,72
global.js,100,js,6a59936e,jgu0453,2025-02-15,23:24:10,-08:00,2025-02-15T23:24:10-08:00,0,23
global.js,101,js,6a59936e,jgu0453,2025-02-15,23:24:10,-08:00,2025-02-15T23:24:10-08:00,0,24
global.js,102,js,6a59936e,jgu0453,2025-02-15,23:24:10,-08:00,2025-02-15T23:24:10-08:00,0,0
global.js,103,js,6a59936e,jgu0453,2025-02-15,23:24:10,-08:00,2025-02-15T23:24:10-08:00,0,21
global.js,104,js,6a59936e,jgu0453,2025-02-15,23:24:10,-08:00,2025-02-15T23:24:10-08:00,0,47
global.js,105,js,6a59936e,jgu0453,2025-02-15,23:24:10,-08:00,2025-02-15T23:24:10-08:00,0,45
global.js,106,js,6a59936e,jgu0453,2025-02-15,23:24:10,-08:00,2025-02-15T23:24:10-08:00,0,32
global.js,107,js,6a59936e,jgu0453,2025-02-15,23:24:10,-08:00,2025-02-15T23:24:10-08:00,0,0
global.js,108,js,6a59936e,jgu0453,2025-02-15,23:24:10,-08:00,2025-02-15T23:24:10-08:00,0,14
global.js,109,js,6a59936e,jgu0453,2025-02-15,23:24:10,-08:00,2025-02-15T23:24:10-08:00,0,18
global.js,110,js,6a59936e,jgu0453,2025-02-15,23:24:10,-08:00,2025-02-15T23:24:10-08:00,0,40
global.js,111,js,6a59936e,jgu0453,2025-02-15,23:24:10,-08:00,2025-02-15T23:24:10-08:00,0,24
global.js,112,js,6a59936e,jgu0453,2025-02-15,23:24:10,-08:00,2025-02-15T23:24:10-08:00,0,33
global.js,113,js,6a59936e,jgu0453,2025-02-15,23:24:10,-08:00,2025-02-15T23:24:10-08:00,0,22
global.js,114,js,6a59936e,jgu0453,2025-02-15,23:24:10,-08:00,2025-02-15T23:24:10-08:00,0,25
global.js,115,js,5fadc198,jgu0453,2025-02-08,22:56:46,-08:00,2025-02-08T22:56:46-08:00,0,0
global.js,116,js,5fadc198,jgu0453,2025-02-08,22:56:46,-08:00,2025-02-08T22:56:46-08:00,0,0
global.js,117,js,6a59936e,jgu0453,2025-02-15,23:24:10,-08:00,2025-02-15T23:24:10-08:00,0,30
global.js,118,js,6a59936e,jgu0453,2025-02-15,23:24:10,-08:00,2025-02-15T23:24:10-08:00,0,2
global.js,119,js,8c1dca44,jgu0453,2025-02-08,22:06:16,-08:00,2025-02-08T22:06:16-08:00,0,0
projects\projects.js,1,js,e14bac0b,jgu0453,2025-02-08,22:06:33,-08:00,2025-02-08T22:06:33-08:00,0,13
projects\projects.js,2,js,e17f66f9,jgu0453,2025-02-08,22:15:02,-08:00,2025-02-08T22:15:02-08:00,0,56
projects\projects.js,3,js,5a993e36,jgu0453,2025-02-01,23:02:00,-08:00,2025-02-01T23:02:00-08:00,0,0
projects\projects.js,4,js,e14bac0b,jgu0453,2025-02-08,22:06:33,-08:00,2025-02-08T22:06:33-08:00,0,58
projects\projects.js,5,js,3b60054f,jgu0453,2025-02-15,23:23:24,-08:00,2025-02-15T23:23:24-08:00,0,61
projects\projects.js,6,js,3b60054f,jgu0453,2025-02-15,23:23:24,-08:00,2025-02-15T23:23:24-08:00,0,59
projects\projects.js,7,js,af30f6bd,jgu0453,2025-02-15,23:41:19,-08:00,2025-02-15T23:41:19-08:00,0,20
projects\projects.js,8,js,3b60054f,jgu0453,2025-02-15,23:23:24,-08:00,2025-02-15T23:23:24-08:00,0,0
projects\projects.js,9,js,3b60054f,jgu0453,2025-02-15,23:23:24,-08:00,2025-02-15T23:23:24-08:00,0,4
projects\projects.js,10,js,af30f6bd,jgu0453,2025-02-15,23:41:19,-08:00,2025-02-15T23:41:19-08:00,0,52
projects\projects.js,11,js,af30f6bd,jgu0453,2025-02-15,23:41:19,-08:00,2025-02-15T23:41:19-08:00,0,17
projects\projects.js,12,js,0b5195d1,jgu0453,2025-02-15,23:50:38,-08:00,2025-02-15T23:50:38-08:00,0,63
projects\projects.js,13,js,0b5195d1,jgu0453,2025-02-15,23:50:38,-08:00,2025-02-15T23:50:38-08:00,0,36
projects\projects.js,14,js,0b5195d1,jgu0453,2025-02-15,23:50:38,-08:00,2025-02-15T23:50:38-08:00,0,27
projects\projects.js,15,js,af30f6bd,jgu0453,2025-02-15,23:41:19,-08:00,2025-02-15T23:41:19-08:00,0,52
projects\projects.js,16,js,0b5195d1,jgu0453,2025-02-15,23:50:38,-08:00,2025-02-15T23:50:38-08:00,0,51
projects\projects.js,17,js,af30f6bd,jgu0453,2025-02-15,23:41:19,-08:00,2025-02-15T23:41:19-08:00,0,27
projects\projects.js,18,js,3b60054f,jgu0453,2025-02-15,23:23:24,-08:00,2025-02-15T23:23:24-08:00,0,7
projects\projects.js,19,js,3b60054f,jgu0453,2025-02-15,23:23:24,-08:00,2025-02-15T23:23:24-08:00,0,40
projects\projects.js,20,js,e14bac0b,jgu0453,2025-02-08,22:06:33,-08:00,2025-02-08T22:06:33-08:00,0,0
projects\projects.js,21,js,3b60054f,jgu0453,2025-02-15,23:23:24,-08:00,2025-02-15T23:23:24-08:00,0,16
projects\projects.js,22,js,3b60054f,jgu0453,2025-02-15,23:23:24,-08:00,2025-02-15T23:23:24-08:00,0,48
projects\projects.js,23,js,3b60054f,jgu0453,2025-02-15,23:23:24,-08:00,2025-02-15T23:23:24-08:00,0,0
projects\projects.js,24,js,3b60054f,jgu0453,2025-02-15,23:23:24,-08:00,2025-02-15T23:23:24-08:00,0,0
projects\projects.js,25,js,0b5195d1,jgu0453,2025-02-15,23:50:38,-08:00,2025-02-15T23:50:38-08:00,0,54
projects\projects.js,26,js,3b60054f,jgu0453,2025-02-15,23:23:24,-08:00,2025-02-15T23:23:24-08:00,0,44
projects\projects.js,27,js,3b60054f,jgu0453,2025-02-15,23:23:24,-08:00,2025-02-15T23:23:24-08:00,0,45
projects\projects.js,28,js,af30f6bd,jgu0453,2025-02-15,23:41:19,-08:00,2025-02-15T23:41:19-08:00,0,53
projects\projects.js,29,js,3b60054f,jgu0453,2025-02-15,23:23:24,-08:00,2025-02-15T23:23:24-08:00,0,45
projects\projects.js,30,js,3b60054f,jgu0453,2025-02-15,23:23:24,-08:00,2025-02-15T23:23:24-08:00,0,51
projects\projects.js,31,js,3b60054f,jgu0453,2025-02-15,23:23:24,-08:00,2025-02-15T23:23:24-08:00,0,38
projects\projects.js,32,js,3b60054f,jgu0453,2025-02-15,23:23:24,-08:00,2025-02-15T23:23:24-08:00,0,1
projects\projects.js,33,js,3b60054f,jgu0453,2025-02-15,23:23:24,-08:00,2025-02-15T23:23:24-08:00,0,57
projects\projects.js,34,js,0b5195d1,jgu0453,2025-02-15,23:50:38,-08:00,2025-02-15T23:50:38-08:00,0,43
projects\projects.js,35,js,3b60054f,jgu0453,2025-02-15,23:23:24,-08:00,2025-02-15T23:23:24-08:00,0,2
projects\projects.js,36,js,3b60054f,jgu0453,2025-02-15,23:23:24,-08:00,2025-02-15T23:23:24-08:00,0,2
projects\projects.js,37,js,3b60054f,jgu0453,2025-02-15,23:23:24,-08:00,2025-02-15T23:23:24-08:00,0,0
projects\projects.js,38,js,3b60054f,jgu0453,2025-02-15,23:23:24,-08:00,2025-02-15T23:23:24-08:00,0,34
projects\projects.js,39,js,0b5195d1,jgu0453,2025-02-15,23:50:38,-08:00,2025-02-15T23:50:38-08:00,0,56
projects\projects.js,40,js,3b60054f,jgu0453,2025-02-15,23:23:24,-08:00,2025-02-15T23:23:24-08:00,0,53
projects\projects.js,41,js,3b60054f,jgu0453,2025-02-15,23:23:24,-08:00,2025-02-15T23:23:24-08:00,0,48
projects\projects.js,42,js,3b60054f,jgu0453,2025-02-15,23:23:24,-08:00,2025-02-15T23:23:24-08:00,0,10
projects\projects.js,43,js,3b60054f,jgu0453,2025-02-15,23:23:24,-08:00,2025-02-15T23:23:24-08:00,0,6
projects\projects.js,44,js,3b60054f,jgu0453,2025-02-15,23:23:24,-08:00,2025-02-15T23:23:24-08:00,0,0
projects\projects.js,45,js,3b60054f,jgu0453,2025-02-15,23:23:24,-08:00,2025-02-15T23:23:24-08:00,0,64
projects\projects.js,46,js,3b60054f,jgu0453,2025-02-15,23:23:24,-08:00,2025-02-15T23:23:24-08:00,0,10
projects\projects.js,47,js,3b60054f,jgu0453,2025-02-15,23:23:24,-08:00,2025-02-15T23:23:24-08:00,0,11
projects\projects.js,48,js,3b60054f,jgu0453,2025-02-15,23:23:24,-08:00,2025-02-15T23:23:24-08:00,0,3
projects\projects.js,49,js,3b60054f,jgu0453,2025-02-15,23:23:24,-08:00,2025-02-15T23:23:24-08:00,0,0
projects\projects.js,50,js,3b60054f,jgu0453,2025-02-15,23:23:24,-08:00,2025-02-15T23:23:24-08:00,0,17
projects\projects.js,51,js,3b60054f,jgu0453,2025-02-15,23:23:24,-08:00,2025-02-15T23:23:24-08:00,0,18
projects\projects.js,52,js,3b60054f,jgu0453,2025-02-15,23:23:24,-08:00,2025-02-15T23:23:24-08:00,0,42
projects\projects.js,53,js,0b5195d1,jgu0453,2025-02-15,23:50:38,-08:00,2025-02-15T23:50:38-08:00,0,76
projects\projects.js,54,js,3b60054f,jgu0453,2025-02-15,23:23:24,-08:00,2025-02-15T23:23:24-08:00,0,0
projects\projects.js,55,js,3b60054f,jgu0453,2025-02-15,23:23:24,-08:00,2025-02-15T23:23:24-08:00,0,38
projects\projects.js,56,js,3b60054f,jgu0453,2025-02-15,23:23:24,-08:00,2025-02-15T23:23:24-08:00,0,50
projects\projects.js,57,js,3b60054f,jgu0453,2025-02-15,23:23:24,-08:00,2025-02-15T23:23:24-08:00,0,0
projects\projects.js,58,js,0b5195d1,jgu0453,2025-02-15,23:50:38,-08:00,2025-02-15T23:50:38-08:00,0,39
projects\projects.js,59,js,af30f6bd,jgu0453,2025-02-15,23:41:19,-08:00,2025-02-15T23:41:19-08:00,0,15
projects\projects.js,60,js,af30f6bd,jgu0453,2025-02-15,23:41:19,-08:00,2025-02-15T23:41:19-08:00,0,0
projects\projects.js,61,js,3b60054f,jgu0453,2025-02-15,23:23:24,-08:00,2025-02-15T23:23:24-08:00,0,34
projects\projects.js,62,js,3b60054f,jgu0453,2025-02-15,23:23:24,-08:00,2025-02-15T23:23:24-08:00,0,13
projects\projects.js,63,js,3b60054f,jgu0453,2025-02-15,23:23:24,-08:00,2025-02-15T23:23:24-08:00,0,20
projects\projects.js,64,js,3b60054f,jgu0453,2025-02-15,23:23:24,-08:00,2025-02-15T23:23:24-08:00,0,22
projects\projects.js,65,js,3b60054f,jgu0453,2025-02-15,23:23:24,-08:00,2025-02-15T23:23:24-08:00,0,11
projects\projects.js,66,js,3b60054f,jgu0453,2025-02-15,23:23:24,-08:00,2025-02-15T23:23:24-08:00,0,60
projects\projects.js,67,js,3b60054f,jgu0453,2025-02-15,23:23:24,-08:00,2025-02-15T23:23:24-08:00,0,0
projects\projects.js,68,js,3b60054f,jgu0453,2025-02-15,23:23:24,-08:00,2025-02-15T23:23:24-08:00,0,19
projects\projects.js,69,js,3b60054f,jgu0453,2025-02-15,23:23:24,-08:00,2025-02-15T23:23:24-08:00,0,20
projects\projects.js,70,js,3b60054f,jgu0453,2025-02-15,23:23:24,-08:00,2025-02-15T23:23:24-08:00,0,0
projects\projects.js,71,js,0b5195d1,jgu0453,2025-02-15,23:50:38,-08:00,2025-02-15T23:50:38-08:00,0,35
projects\projects.js,72,js,0b5195d1,jgu0453,2025-02-15,23:50:38,-08:00,2025-02-15T23:50:38-08:00,0,28
projects\projects.js,73,js,3b60054f,jgu0453,2025-02-15,23:23:24,-08:00,2025-02-15T23:23:24-08:00,0,24
projects\projects.js,74,js,3b60054f,jgu0453,2025-02-15,23:23:24,-08:00,2025-02-15T23:23:24-08:00,0,15
projects\projects.js,75,js,c005e48a,jgu0453,2025-02-15,22:54:05,-08:00,2025-02-15T22:54:05-08:00,0,0
projects\projects.js,76,js,0b5195d1,jgu0453,2025-02-15,23:50:38,-08:00,2025-02-15T23:50:38-08:00,0,67
projects\projects.js,77,js,0b5195d1,jgu0453,2025-02-15,23:50:38,-08:00,2025-02-15T23:50:38-08:00,0,24
projects\projects.js,78,js,0b5195d1,jgu0453,2025-02-15,23:50:38,-08:00,2025-02-15T23:50:38-08:00,0,24
projects\projects.js,79,js,0b5195d1,jgu0453,2025-02-15,23:50:38,-08:00,2025-02-15T23:50:38-08:00,0,15
projects\projects.js,80,js,0b5195d1,jgu0453,2025-02-15,23:50:38,-08:00,2025-02-15T23:50:38-08:00,0,0
projects\projects.js,81,js,0b5195d1,jgu0453,2025-02-15,23:50:38,-08:00,2025-02-15T23:50:38-08:00,0,25
projects\projects.js,82,js,3b60054f,jgu0453,2025-02-15,23:23:24,-08:00,2025-02-15T23:23:24-08:00,0,21
projects\projects.js,83,js,3b60054f,jgu0453,2025-02-15,23:23:24,-08:00,2025-02-15T23:23:24-08:00,0,19
projects\projects.js,84,js,3b60054f,jgu0453,2025-02-15,23:23:24,-08:00,2025-02-15T23:23:24-08:00,0,25
projects\projects.js,85,js,3b60054f,jgu0453,2025-02-15,23:23:24,-08:00,2025-02-15T23:23:24-08:00,0,0
projects\projects.js,86,js,0b5195d1,jgu0453,2025-02-15,23:50:38,-08:00,2025-02-15T23:50:38-08:00,0,33
projects\projects.js,87,js,3b60054f,jgu0453,2025-02-15,23:23:24,-08:00,2025-02-15T23:23:24-08:00,0,15
projects\projects.js,88,js,3b60054f,jgu0453,2025-02-15,23:23:24,-08:00,2025-02-15T23:23:24-08:00,0,19
projects\projects.js,89,js,3b60054f,jgu0453,2025-02-15,23:23:24,-08:00,2025-02-15T23:23:24-08:00,0,20
projects\projects.js,90,js,3b60054f,jgu0453,2025-02-15,23:23:24,-08:00,2025-02-15T23:23:24-08:00,0,21
projects\projects.js,91,js,3b60054f,jgu0453,2025-02-15,23:23:24,-08:00,2025-02-15T23:23:24-08:00,0,27
projects\projects.js,92,js,af30f6bd,jgu0453,2025-02-15,23:41:19,-08:00,2025-02-15T23:41:19-08:00,0,33
projects\projects.js,93,js,3b60054f,jgu0453,2025-02-15,23:23:24,-08:00,2025-02-15T23:23:24-08:00,0,1
projects\projects.js,94,js,3b60054f,jgu0453,2025-02-15,23:23:24,-08:00,2025-02-15T23:23:24-08:00,0,29
projects\projects.js,95,js,3b60054f,jgu0453,2025-02-15,23:23:24,-08:00,2025-02-15T23:23:24-08:00,0,48
projects\projects.js,96,js,af30f6bd,jgu0453,2025-02-15,23:41:19,-08:00,2025-02-15T23:41:19-08:00,0,33
projects\projects.js,97,js,3b60054f,jgu0453,2025-02-15,23:23:24,-08:00,2025-02-15T23:23:24-08:00,0,0
projects\projects.js,98,js,af30f6bd,jgu0453,2025-02-15,23:41:19,-08:00,2025-02-15T23:41:19-08:00,0,1
projects\projects.js,99,js,0b5195d1,jgu0453,2025-02-15,23:50:38,-08:00,2025-02-15T23:50:38-08:00,0,36
projects\projects.js,100,js,0b5195d1,jgu0453,2025-02-15,23:50:38,-08:00,2025-02-15T23:50:38-08:00,0,37
projects\projects.js,101,js,af30f6bd,jgu0453,2025-02-15,23:41:19,-08:00,2025-02-15T23:41:19-08:00,0,29
projects\projects.js,102,js,0b5195d1,jgu0453,2025-02-15,23:50:38,-08:00,2025-02-15T23:50:38-08:00,0,12
projects\projects.js,103,js,0b5195d1,jgu0453,2025-02-15,23:50:38,-08:00,2025-02-15T23:50:38-08:00,0,13
projects\projects.js,104,js,0b5195d1,jgu0453,2025-02-15,23:50:38,-08:00,2025-02-15T23:50:38-08:00,0,20
projects\projects.js,105,js,af30f6bd,jgu0453,2025-02-15,23:41:19,-08:00,2025-02-15T23:41:19-08:00,0,1
projects\projects.js,106,js,0b5195d1,jgu0453,2025-02-15,23:50:38,-08:00,2025-02-15T23:50:38-08:00,0,35
projects\projects.js,107,js,0b5195d1,jgu0453,2025-02-15,23:50:38,-08:00,2025-02-15T23:50:38-08:00,0,37
projects\projects.js,108,js,af30f6bd,jgu0453,2025-02-15,23:41:19,-08:00,2025-02-15T23:41:19-08:00,0,29
projects\projects.js,109,js,0b5195d1,jgu0453,2025-02-15,23:50:38,-08:00,2025-02-15T23:50:38-08:00,0,12
projects\projects.js,110,js,0b5195d1,jgu0453,2025-02-15,23:50:38,-08:00,2025-02-15T23:50:38-08:00,0,13
projects\projects.js,111,js,0b5195d1,jgu0453,2025-02-15,23:50:38,-08:00,2025-02-15T23:50:38-08:00,0,24
projects\projects.js,112,js,c005e48a,jgu0453,2025-02-15,22:54:05,-08:00,2025-02-15T22:54:05-08:00,0,2
projects\projects.js,113,js,3b60054f,jgu0453,2025-02-15,23:23:24,-08:00,2025-02-15T23:23:24-08:00,0,0
projects\projects.js,114,js,0b5195d1,jgu0453,2025-02-15,23:50:38,-08:00,2025-02-15T23:50:38-08:00,0,18
projects\projects.js,115,js,0b5195d1,jgu0453,2025-02-15,23:50:38,-08:00,2025-02-15T23:50:38-08:00,0,23
projects\projects.js,116,js,3b60054f,jgu0453,2025-02-15,23:23:24,-08:00,2025-02-15T23:23:24-08:00,0,38
projects\projects.js,117,js,3b60054f,jgu0453,2025-02-15,23:23:24,-08:00,2025-02-15T23:23:24-08:00,0,0
projects\projects.js,118,js,0b5195d1,jgu0453,2025-02-15,23:50:38,-08:00,2025-02-15T23:50:38-08:00,0,18
projects\projects.js,119,js,3b60054f,jgu0453,2025-02-15,23:23:24,-08:00,2025-02-15T23:23:24-08:00,0,57
projects\projects.js,120,js,3b60054f,jgu0453,2025-02-15,23:23:24,-08:00,2025-02-15T23:23:24-08:00,0,20
projects\projects.js,121,js,3b60054f,jgu0453,2025-02-15,23:23:24,-08:00,2025-02-15T23:23:24-08:00,0,23
projects\projects.js,122,js,3b60054f,jgu0453,2025-02-15,23:23:24,-08:00,2025-02-15T23:23:24-08:00,0,0
projects\projects.js,123,js,3b60054f,jgu0453,2025-02-15,23:23:24,-08:00,2025-02-15T23:23:24-08:00,0,33
projects\projects.js,124,js,3b60054f,jgu0453,2025-02-15,23:23:24,-08:00,2025-02-15T23:23:24-08:00,0,25
projects\projects.js,125,js,3b60054f,jgu0453,2025-02-15,23:23:24,-08:00,2025-02-15T23:23:24-08:00,0,0
projects\projects.js,126,js,3b60054f,jgu0453,2025-02-15,23:23:24,-08:00,2025-02-15T23:23:24-08:00,0,0
projects\projects.js,127,js,3b60054f,jgu0453,2025-02-15,23:23:24,-08:00,2025-02-15T23:23:24-08:00,0,35
projects\projects.js,128,js,3b60054f,jgu0453,2025-02-15,23:23:24,-08:00,2025-02-15T23:23:24-08:00,0,35
projects\projects.js,129,js,3b60054f,jgu0453,2025-02-15,23:23:24,-08:00,2025-02-15T23:23:24-08:00,0,44
projects\projects.js,130,js,3b60054f,jgu0453,2025-02-15,23:23:24,-08:00,2025-02-15T23:23:24-08:00,0,0
projects\projects.js,131,js,3b60054f,jgu0453,2025-02-15,23:23:24,-08:00,2025-02-15T23:23:24-08:00,0,34
projects\projects.js,132,js,3b60054f,jgu0453,2025-02-15,23:23:24,-08:00,2025-02-15T23:23:24-08:00,0,12
projects\projects.js,133,js,3b60054f,jgu0453,2025-02-15,23:23:24,-08:00,2025-02-15T23:23:24-08:00,0,27
projects\projects.js,134,js,3b60054f,jgu0453,2025-02-15,23:23:24,-08:00,2025-02-15T23:23:24-08:00,0,22
projects\projects.js,135,js,3b60054f,jgu0453,2025-02-15,23:23:24,-08:00,2025-02-15T23:23:24-08:00,0,0
projects\projects.js,136,js,3b60054f,jgu0453,2025-02-15,23:23:24,-08:00,2025-02-15T23:23:24-08:00,0,21
projects\projects.js,137,js,3b60054f,jgu0453,2025-02-15,23:23:24,-08:00,2025-02-15T23:23:24-08:00,0,18
projects\projects.js,138,js,3b60054f,jgu0453,2025-02-15,23:23:24,-08:00,2025-02-15T23:23:24-08:00,0,150
projects\projects.js,139,js,3b60054f,jgu0453,2025-02-15,23:23:24,-08:00,2025-02-15T23:23:24-08:00,0,2
projects\projects.js,140,js,3b60054f,jgu0453,2025-02-15,23:23:24,-08:00,2025-02-15T23:23:24-08:00,0,0
projects\projects.js,141,js,3b60054f,jgu0453,2025-02-15,23:23:24,-08:00,2025-02-15T23:23:24-08:00,0,0
projects\projects.js,142,js,3b60054f,jgu0453,2025-02-15,23:23:24,-08:00,2025-02-15T23:23:24-08:00,0,25
projects\projects.js,143,js,3b60054f,jgu0453,2025-02-15,23:23:24,-08:00,2025-02-15T23:23:24-08:00,0,47
projects\projects.js,144,js,3b60054f,jgu0453,2025-02-15,23:23:24,-08:00,2025-02-15T23:23:24-08:00,0,44
projects\projects.js,145,js,3b60054f,jgu0453,2025-02-15,23:23:24,-08:00,2025-02-15T23:23:24-08:00,0,0
projects\projects.js,146,js,af30f6bd,jgu0453,2025-02-15,23:41:19,-08:00,2025-02-15T23:41:19-08:00,0,0
projects\projects.js,147,js,af30f6bd,jgu0453,2025-02-15,23:41:19,-08:00,2025-02-15T23:41:19-08:00,0,36
projects\projects.js,148,js,af30f6bd,jgu0453,2025-02-15,23:41:19,-08:00,2025-02-15T23:41:19-08:00,0,61
projects\projects.js,149,js,af30f6bd,jgu0453,2025-02-15,23:41:19,-08:00,2025-02-15T23:41:19-08:00,0,48
projects\projects.js,150,js,af30f6bd,jgu0453,2025-02-15,23:41:19,-08:00,2025-02-15T23:41:19-08:00,0,76
projects\projects.js,151,js,af30f6bd,jgu0453,2025-02-15,23:41:19,-08:00,2025-02-15T23:41:19-08:00,0,57
projects\projects.js,152,js,af30f6bd,jgu0453,2025-02-15,23:41:19,-08:00,2025-02-15T23:41:19-08:00,0,0
projects\index.js,1,js,e5a1e8b7,jgu0453,2025-02-08,22:07:20,-08:00,2025-02-08T22:07:20-08:00,0,10
projects\index.js,2,js,f05e94f7,jgu0453,2025-02-08,21:45:31,-08:00,2025-02-08T21:45:31-08:00,0,52
projects\index.js,3,js,e5a1e8b7,jgu0453,2025-02-08,22:07:20,-08:00,2025-02-08T22:07:20-08:00,0,30
projects\index.js,4,js,e5a1e8b7,jgu0453,2025-02-08,22:07:20,-08:00,2025-02-08T22:07:20-08:00,0,0
projects\index.js,5,js,e5a1e8b7,jgu0453,2025-02-08,22:07:20,-08:00,2025-02-08T22:07:20-08:00,0,60
projects\index.js,6,js,e5a1e8b7,jgu0453,2025-02-08,22:07:20,-08:00,2025-02-08T22:07:20-08:00,0,18
projects\index.js,7,js,e5a1e8b7,jgu0453,2025-02-08,22:07:20,-08:00,2025-02-08T22:07:20-08:00,0,45
projects\index.js,8,js,e5a1e8b7,jgu0453,2025-02-08,22:07:20,-08:00,2025-02-08T22:07:20-08:00,0,43
projects\index.js,9,js,e5a1e8b7,jgu0453,2025-02-08,22:07:20,-08:00,2025-02-08T22:07:20-08:00,0,95
projects\index.js,10,js,e5a1e8b7,jgu0453,2025-02-08,22:07:20,-08:00,2025-02-08T22:07:20-08:00,0,2
projects\index.js,11,js,e5a1e8b7,jgu0453,2025-02-08,22:07:20,-08:00,2025-02-08T22:07:20-08:00,0,0
projects\index.js,12,js,e5a1e8b7,jgu0453,2025-02-08,22:07:20,-08:00,2025-02-08T22:07:20-08:00,0,37
projects\index.js,13,js,e5a1e8b7,jgu0453,2025-02-08,22:07:20,-08:00,2025-02-08T22:07:20-08:00,0,46
projects\index.js,14,js,e5a1e8b7,jgu0453,2025-02-08,22:07:20,-08:00,2025-02-08T22:07:20-08:00,0,40
projects\index.js,15,js,e5a1e8b7,jgu0453,2025-02-08,22:07:20,-08:00,2025-02-08T22:07:20-08:00,0,0
projects\index.js,16,js,e5a1e8b7,jgu0453,2025-02-08,22:07:20,-08:00,2025-02-08T22:07:20-08:00,0,0
projects\index.js,17,js,f05e94f7,jgu0453,2025-02-08,21:45:31,-08:00,2025-02-08T21:45:31-08:00,0,2
projects\index.html,1,html,b8a3133c,jgu0453,2025-01-11,23:23:03,-08:00,2025-01-11T23:23:03-08:00,0,14
projects\index.html,2,html,b8a3133c,jgu0453,2025-01-11,23:23:03,-08:00,2025-01-11T23:23:03-08:00,0,15
projects\index.html,3,html,b8a3133c,jgu0453,2025-01-11,23:23:03,-08:00,2025-01-11T23:23:03-08:00,0,5
projects\index.html,4,html,0b57a205,jgu0453,2025-02-15,23:22:58,-08:00,2025-02-15T23:22:58-08:00,0,23
projects\index.html,5,html,0b57a205,jgu0453,2025-02-15,23:22:58,-08:00,2025-02-15T23:22:58-08:00,0,71
projects\index.html,6,html,0b57a205,jgu0453,2025-02-15,23:22:58,-08:00,2025-02-15T23:22:58-08:00,0,36
projects\index.html,7,html,0b57a205,jgu0453,2025-02-15,23:22:58,-08:00,2025-02-15T23:22:58-08:00,0,44
projects\index.html,8,html,0b57a205,jgu0453,2025-02-15,23:22:58,-08:00,2025-02-15T23:22:58-08:00,0,52
projects\index.html,9,html,0b57a205,jgu0453,2025-02-15,23:22:58,-08:00,2025-02-15T23:22:58-08:00,0,50
projects\index.html,10,html,b8a3133c,jgu0453,2025-01-11,23:23:03,-08:00,2025-01-11T23:23:03-08:00,0,6
projects\index.html,11,html,b8a3133c,jgu0453,2025-01-11,23:23:03,-08:00,2025-01-11T23:23:03-08:00,0,5
projects\index.html,12,html,0b57a205,jgu0453,2025-02-15,23:22:58,-08:00,2025-02-15T23:22:58-08:00,0,7
projects\index.html,13,html,0b57a205,jgu0453,2025-02-15,23:22:58,-08:00,2025-02-15T23:22:58-08:00,0,16
projects\index.html,14,html,0b57a205,jgu0453,2025-02-15,23:22:58,-08:00,2025-02-15T23:22:58-08:00,0,43
projects\index.html,15,html,0b57a205,jgu0453,2025-02-15,23:22:58,-08:00,2025-02-15T23:22:58-08:00,0,8
projects\index.html,16,html,84d2ffd0,jgu0453,2025-01-18,22:50:39,-08:00,2025-01-18T22:50:39-08:00,0,0
projects\index.html,17,html,0b57a205,jgu0453,2025-02-15,23:22:58,-08:00,2025-02-15T23:22:58-08:00,0,4
projects\index.html,18,html,0b57a205,jgu0453,2025-02-15,23:22:58,-08:00,2025-02-15T23:22:58-08:00,0,33
projects\index.html,19,html,0b57a205,jgu0453,2025-02-15,23:22:58,-08:00,2025-02-15T23:22:58-08:00,0,54
projects\index.html,20,html,0b57a205,jgu0453,2025-02-15,23:22:58,-08:00,2025-02-15T23:22:58-08:00,0,44
projects\index.html,21,html,0b57a205,jgu0453,2025-02-15,23:22:58,-08:00,2025-02-15T23:22:58-08:00,0,34
projects\index.html,22,html,b2a60de2,jgu0453,2025-02-26,19:49:06,-08:00,2025-02-26T19:49:06-08:00,0,38
projects\index.html,23,html,0b57a205,jgu0453,2025-02-15,23:22:58,-08:00,2025-02-15T23:22:58-08:00,0,62
projects\index.html,24,html,0b57a205,jgu0453,2025-02-15,23:22:58,-08:00,2025-02-15T23:22:58-08:00,0,5
projects\index.html,25,html,84d2ffd0,jgu0453,2025-01-18,22:50:39,-08:00,2025-01-18T22:50:39-08:00,0,0
projects\index.html,26,html,0b57a205,jgu0453,2025-02-15,23:22:58,-08:00,2025-02-15T23:22:58-08:00,0,5
projects\index.html,27,html,ed2a572e,jgu0453,2025-02-15,23:33:13,-08:00,2025-02-15T23:33:13-08:00,0,25
projects\index.html,28,html,ed2a572e,jgu0453,2025-02-15,23:33:13,-08:00,2025-02-15T23:33:13-08:00,0,8
projects\index.html,29,html,ed2a572e,jgu0453,2025-02-15,23:33:13,-08:00,2025-02-15T23:33:13-08:00,0,36
projects\index.html,30,html,ed2a572e,jgu0453,2025-02-15,23:33:13,-08:00,2025-02-15T23:33:13-08:00,0,25
projects\index.html,31,html,ed2a572e,jgu0453,2025-02-15,23:33:13,-08:00,2025-02-15T23:33:13-08:00,0,22
projects\index.html,32,html,ed2a572e,jgu0453,2025-02-15,23:33:13,-08:00,2025-02-15T23:33:13-08:00,0,9
projects\index.html,33,html,ed2a572e,jgu0453,2025-02-15,23:33:13,-08:00,2025-02-15T23:33:13-08:00,0,0
projects\index.html,34,html,0b57a205,jgu0453,2025-02-15,23:22:58,-08:00,2025-02-15T23:22:58-08:00,0,22
projects\index.html,35,html,0b57a205,jgu0453,2025-02-15,23:22:58,-08:00,2025-02-15T23:22:58-08:00,0,8
projects\index.html,36,html,0b57a205,jgu0453,2025-02-15,23:22:58,-08:00,2025-02-15T23:22:58-08:00,0,23
projects\index.html,37,html,0b57a205,jgu0453,2025-02-15,23:22:58,-08:00,2025-02-15T23:22:58-08:00,0,71
projects\index.html,38,html,0b57a205,jgu0453,2025-02-15,23:22:58,-08:00,2025-02-15T23:22:58-08:00,0,9
projects\index.html,39,html,f51ed451,jgu0453,2025-02-15,22:58:09,-08:00,2025-02-15T22:58:09-08:00,0,0
projects\index.html,40,html,0b57a205,jgu0453,2025-02-15,23:22:58,-08:00,2025-02-15T23:22:58-08:00,0,29
projects\index.html,41,html,0b57a205,jgu0453,2025-02-15,23:22:58,-08:00,2025-02-15T23:22:58-08:00,0,8
projects\index.html,42,html,0b57a205,jgu0453,2025-02-15,23:22:58,-08:00,2025-02-15T23:22:58-08:00,0,16
projects\index.html,43,html,0b57a205,jgu0453,2025-02-15,23:22:58,-08:00,2025-02-15T23:22:58-08:00,0,33
projects\index.html,44,html,0b57a205,jgu0453,2025-02-15,23:22:58,-08:00,2025-02-15T23:22:58-08:00,0,48
projects\index.html,45,html,0b57a205,jgu0453,2025-02-15,23:22:58,-08:00,2025-02-15T23:22:58-08:00,0,5
projects\index.html,46,html,0b57a205,jgu0453,2025-02-15,23:22:58,-08:00,2025-02-15T23:22:58-08:00,0,9
projects\index.html,47,html,0b57a205,jgu0453,2025-02-15,23:22:58,-08:00,2025-02-15T23:22:58-08:00,0,6
projects\index.html,48,html,d93d9b81,jgu0453,2025-01-25,23:02:55,-08:00,2025-01-25T23:02:55-08:00,0,0
projects\index.html,49,html,0b57a205,jgu0453,2025-02-15,23:22:58,-08:00,2025-02-15T23:22:58-08:00,0,50
projects\index.html,50,html,0b57a205,jgu0453,2025-02-15,23:22:58,-08:00,2025-02-15T23:22:58-08:00,0,0
projects\index.html,51,html,0b57a205,jgu0453,2025-02-15,23:22:58,-08:00,2025-02-15T23:22:58-08:00,0,7
projects\index.html,52,html,0b57a205,jgu0453,2025-02-15,23:22:58,-08:00,2025-02-15T23:22:58-08:00,0,51
projects\index.html,53,html,0b57a205,jgu0453,2025-02-15,23:22:58,-08:00,2025-02-15T23:22:58-08:00,0,8
projects\index.html,54,html,b8a3133c,jgu0453,2025-01-11,23:23:03,-08:00,2025-01-11T23:23:03-08:00,0,6
projects\index.html,55,html,b8a3133c,jgu0453,2025-01-11,23:23:03,-08:00,2025-01-11T23:23:03-08:00,0,6
meta\script.js,1,js,c364d55a,jgu0453,2025-02-26,19:50:09,-08:00,2025-02-26T19:50:09-08:00,0,40
meta\script.js,2,js,c364d55a,jgu0453,2025-02-26,19:50:09,-08:00,2025-02-26T19:50:09-08:00,0,0
meta\script.js,3,js,c364d55a,jgu0453,2025-02-26,19:50:09,-08:00,2025-02-26T19:50:09-08:00,0,58
meta\script.js,4,js,c364d55a,jgu0453,2025-02-26,19:50:09,-08:00,2025-02-26T19:50:09-08:00,0,79
meta\script.js,5,js,c364d55a,jgu0453,2025-02-26,19:50:09,-08:00,2025-02-26T19:50:09-08:00,0,0
meta\script.js,6,js,c364d55a,jgu0453,2025-02-26,19:50:09,-08:00,2025-02-26T19:50:09-08:00,0,11
meta\script.js,7,js,c364d55a,jgu0453,2025-02-26,19:50:09,-08:00,2025-02-26T19:50:09-08:00,0,44
meta\script.js,8,js,c364d55a,jgu0453,2025-02-26,19:50:09,-08:00,2025-02-26T19:50:09-08:00,0,6
meta\script.js,9,js,c364d55a,jgu0453,2025-02-26,19:50:09,-08:00,2025-02-26T19:50:09-08:00,0,0
meta\script.js,10,js,c364d55a,jgu0453,2025-02-26,19:50:09,-08:00,2025-02-26T19:50:09-08:00,0,0
meta\script.js,11,js,c364d55a,jgu0453,2025-02-26,19:50:09,-08:00,2025-02-26T19:50:09-08:00,0,20
meta\script.js,12,js,c364d55a,jgu0453,2025-02-26,19:50:09,-08:00,2025-02-26T19:50:09-08:00,0,32
meta\script.js,13,js,c364d55a,jgu0453,2025-02-26,19:50:09,-08:00,2025-02-26T19:50:09-08:00,0,57
meta\script.js,14,js,c364d55a,jgu0453,2025-02-26,19:50:09,-08:00,2025-02-26T19:50:09-08:00,0,61
meta\script.js,15,js,c364d55a,jgu0453,2025-02-26,19:50:09,-08:00,2025-02-26T19:50:09-08:00,0,0
meta\script.js,16,js,c364d55a,jgu0453,2025-02-26,19:50:09,-08:00,2025-02-26T19:50:09-08:00,0,53
meta\script.js,17,js,c364d55a,jgu0453,2025-02-26,19:50:09,-08:00,2025-02-26T19:50:09-08:00,0,53
meta\script.js,18,js,c364d55a,jgu0453,2025-02-26,19:50:09,-08:00,2025-02-26T19:50:09-08:00,0,54
meta\script.js,19,js,c364d55a,jgu0453,2025-02-26,19:50:09,-08:00,2025-02-26T19:50:09-08:00,0,58
meta\script.js,20,js,c364d55a,jgu0453,2025-02-26,19:50:09,-08:00,2025-02-26T19:50:09-08:00,0,1
meta\script.js,21,js,c364d55a,jgu0453,2025-02-26,19:50:09,-08:00,2025-02-26T19:50:09-08:00,0,0
meta\script.js,22,js,c364d55a,jgu0453,2025-02-26,19:50:09,-08:00,2025-02-26T19:50:09-08:00,0,19
meta\script.js,23,js,c364d55a,jgu0453,2025-02-26,19:50:09,-08:00,2025-02-26T19:50:09-08:00,0,31
meta\script.js,24,js,c364d55a,jgu0453,2025-02-26,19:50:09,-08:00,2025-02-26T19:50:09-08:00,0,50
meta\script.js,25,js,c364d55a,jgu0453,2025-02-26,19:50:09,-08:00,2025-02-26T19:50:09-08:00,0,20
meta\script.js,26,js,c364d55a,jgu0453,2025-02-26,19:50:09,-08:00,2025-02-26T19:50:09-08:00,0,23
meta\script.js,27,js,c364d55a,jgu0453,2025-02-26,19:50:09,-08:00,2025-02-26T19:50:09-08:00,0,0
meta\script.js,28,js,c364d55a,jgu0453,2025-02-26,19:50:09,-08:00,2025-02-26T19:50:09-08:00,0,28
meta\script.js,29,js,c364d55a,jgu0453,2025-02-26,19:50:09,-08:00,2025-02-26T19:50:09-08:00,0,51
meta\script.js,30,js,c364d55a,jgu0453,2025-02-26,19:50:09,-08:00,2025-02-26T19:50:09-08:00,0,24
meta\script.js,31,js,c364d55a,jgu0453,2025-02-26,19:50:09,-08:00,2025-02-26T19:50:09-08:00,0,0
meta\script.js,32,js,c364d55a,jgu0453,2025-02-26,19:50:09,-08:00,2025-02-26T19:50:09-08:00,0,30
meta\script.js,33,js,c364d55a,jgu0453,2025-02-26,19:50:09,-08:00,2025-02-26T19:50:09-08:00,0,63
meta\script.js,34,js,c364d55a,jgu0453,2025-02-26,19:50:09,-08:00,2025-02-26T19:50:09-08:00,0,25
meta\script.js,35,js,c364d55a,jgu0453,2025-02-26,19:50:09,-08:00,2025-02-26T19:50:09-08:00,0,0
meta\script.js,36,js,c364d55a,jgu0453,2025-02-26,19:50:09,-08:00,2025-02-26T19:50:09-08:00,0,22
meta\script.js,37,js,c364d55a,jgu0453,2025-02-26,19:50:09,-08:00,2025-02-26T19:50:09-08:00,0,10
meta\script.js,38,js,c364d55a,jgu0453,2025-02-26,19:50:09,-08:00,2025-02-26T19:50:09-08:00,0,24
meta\script.js,39,js,c364d55a,jgu0453,2025-02-26,19:50:09,-08:00,2025-02-26T19:50:09-08:00,0,46
meta\script.js,40,js,c364d55a,jgu0453,2025-02-26,19:50:09,-08:00,2025-02-26T19:50:09-08:00,0,56
meta\script.js,41,js,c364d55a,jgu0453,2025-02-26,19:50:09,-08:00,2025-02-26T19:50:09-08:00,0,12
meta\script.js,42,js,c364d55a,jgu0453,2025-02-26,19:50:09,-08:00,2025-02-26T19:50:09-08:00,0,25
meta\script.js,43,js,c364d55a,jgu0453,2025-02-26,19:50:09,-08:00,2025-02-26T19:50:09-08:00,0,15
meta\script.js,44,js,c364d55a,jgu0453,2025-02-26,19:50:09,-08:00,2025-02-26T19:50:09-08:00,0,89
meta\script.js,45,js,c364d55a,jgu0453,2025-02-26,19:50:09,-08:00,2025-02-26T19:50:09-08:00,0,2
meta\index.html,1,html,b2a60de2,jgu0453,2025-02-26,19:49:06,-08:00,2025-02-26T19:49:06-08:00,0,14
meta\index.html,2,html,b2a60de2,jgu0453,2025-02-26,19:49:06,-08:00,2025-02-26T19:49:06-08:00,0,15
meta\index.html,3,html,b2a60de2,jgu0453,2025-02-26,19:49:06,-08:00,2025-02-26T19:49:06-08:00,0,5
meta\index.html,4,html,b2a60de2,jgu0453,2025-02-26,19:49:06,-08:00,2025-02-26T19:49:06-08:00,0,21
meta\index.html,5,html,b2a60de2,jgu0453,2025-02-26,19:49:06,-08:00,2025-02-26T19:49:06-08:00,0,69
meta\index.html,6,html,b2a60de2,jgu0453,2025-02-26,19:49:06,-08:00,2025-02-26T19:49:06-08:00,0,18
meta\index.html,7,html,345d2e38,jgu0453,2025-02-26,19:54:30,-08:00,2025-02-26T19:54:30-08:00,0,42
meta\index.html,8,html,b2a60de2,jgu0453,2025-02-26,19:49:06,-08:00,2025-02-26T19:49:06-08:00,0,52
meta\index.html,9,html,b2a60de2,jgu0453,2025-02-26,19:49:06,-08:00,2025-02-26T19:49:06-08:00,0,46
meta\index.html,10,html,b2a60de2,jgu0453,2025-02-26,19:49:06,-08:00,2025-02-26T19:49:06-08:00,0,6
meta\index.html,11,html,b2a60de2,jgu0453,2025-02-26,19:49:06,-08:00,2025-02-26T19:49:06-08:00,0,5
meta\index.html,12,html,b2a60de2,jgu0453,2025-02-26,19:49:06,-08:00,2025-02-26T19:49:06-08:00,0,7
meta\index.html,13,html,b2a60de2,jgu0453,2025-02-26,19:49:06,-08:00,2025-02-26T19:49:06-08:00,0,26
meta\index.html,14,html,b2a60de2,jgu0453,2025-02-26,19:49:06,-08:00,2025-02-26T19:49:06-08:00,0,61
meta\index.html,15,html,b2a60de2,jgu0453,2025-02-26,19:49:06,-08:00,2025-02-26T19:49:06-08:00,0,8
meta\index.html,16,html,b2a60de2,jgu0453,2025-02-26,19:49:06,-08:00,2025-02-26T19:49:06-08:00,0,0
meta\index.html,17,html,b2a60de2,jgu0453,2025-02-26,19:49:06,-08:00,2025-02-26T19:49:06-08:00,0,4
meta\index.html,18,html,b2a60de2,jgu0453,2025-02-26,19:49:06,-08:00,2025-02-26T19:49:06-08:00,0,33
meta\index.html,19,html,b2a60de2,jgu0453,2025-02-26,19:49:06,-08:00,2025-02-26T19:49:06-08:00,0,46
meta\index.html,20,html,b2a60de2,jgu0453,2025-02-26,19:49:06,-08:00,2025-02-26T19:49:06-08:00,0,44
meta\index.html,21,html,b2a60de2,jgu0453,2025-02-26,19:49:06,-08:00,2025-02-26T19:49:06-08:00,0,34
meta\index.html,22,html,b2a60de2,jgu0453,2025-02-26,19:49:06,-08:00,2025-02-26T19:49:06-08:00,0,50
meta\index.html,23,html,b2a60de2,jgu0453,2025-02-26,19:49:06,-08:00,2025-02-26T19:49:06-08:00,0,62
meta\index.html,24,html,b2a60de2,jgu0453,2025-02-26,19:49:06,-08:00,2025-02-26T19:49:06-08:00,0,5
meta\index.html,25,html,b2a60de2,jgu0453,2025-02-26,19:49:06,-08:00,2025-02-26T19:49:06-08:00,0,0
meta\index.html,26,html,b2a60de2,jgu0453,2025-02-26,19:49:06,-08:00,2025-02-26T19:49:06-08:00,0,5
meta\index.html,27,html,b2a60de2,jgu0453,2025-02-26,19:49:06,-08:00,2025-02-26T19:49:06-08:00,0,8
meta\index.html,28,html,b2a60de2,jgu0453,2025-02-26,19:49:06,-08:00,2025-02-26T19:49:06-08:00,0,26
meta\index.html,29,html,b2a60de2,jgu0453,2025-02-26,19:49:06,-08:00,2025-02-26T19:49:06-08:00,0,29
meta\index.html,30,html,b2a60de2,jgu0453,2025-02-26,19:49:06,-08:00,2025-02-26T19:49:06-08:00,0,9
meta\index.html,31,html,b2a60de2,jgu0453,2025-02-26,19:49:06,-08:00,2025-02-26T19:49:06-08:00,0,0
meta\index.html,32,html,b2a60de2,jgu0453,2025-02-26,19:49:06,-08:00,2025-02-26T19:49:06-08:00,0,8
meta\index.html,33,html,b2a60de2,jgu0453,2025-02-26,19:49:06,-08:00,2025-02-26T19:49:06-08:00,0,35
meta\index.html,34,html,b2a60de2,jgu0453,2025-02-26,19:49:06,-08:00,2025-02-26T19:49:06-08:00,0,27
meta\index.html,35,html,b2a60de2,jgu0453,2025-02-26,19:49:06,-08:00,2025-02-26T19:49:06-08:00,0,9
meta\index.html,36,html,b2a60de2,jgu0453,2025-02-26,19:49:06,-08:00,2025-02-26T19:49:06-08:00,0,6
meta\index.html,37,html,b2a60de2,jgu0453,2025-02-26,19:49:06,-08:00,2025-02-26T19:49:06-08:00,0,0
meta\index.html,38,html,b2a60de2,jgu0453,2025-02-26,19:49:06,-08:00,2025-02-26T19:49:06-08:00,0,50
meta\index.html,39,html,b2a60de2,jgu0453,2025-02-26,19:49:06,-08:00,2025-02-26T19:49:06-08:00,0,0
meta\index.html,40,html,b2a60de2,jgu0453,2025-02-26,19:49:06,-08:00,2025-02-26T19:49:06-08:00,0,7
meta\index.html,41,html,b2a60de2,jgu0453,2025-02-26,19:49:06,-08:00,2025-02-26T19:49:06-08:00,0,51
meta\index.html,42,html,b2a60de2,jgu0453,2025-02-26,19:49:06,-08:00,2025-02-26T19:49:06-08:00,0,8
meta\index.html,43,html,b2a60de2,jgu0453,2025-02-26,19:49:06,-08:00,2025-02-26T19:49:06-08:00,0,6
meta\index.html,44,html,b2a60de2,jgu0453,2025-02-26,19:49:06,-08:00,2025-02-26T19:49:06-08:00,0,6
CV\index.html,1,html,e8e54888,jgu0453,2025-01-11,23:41:14,-08:00,2025-01-11T23:41:14-08:00,0,14
CV\index.html,2,html,e8e54888,jgu0453,2025-01-11,23:41:14,-08:00,2025-01-11T23:41:14-08:00,0,15
CV\index.html,3,html,e8e54888,jgu0453,2025-01-11,23:41:14,-08:00,2025-01-11T23:41:14-08:00,0,5
CV\index.html,4,html,e8e54888,jgu0453,2025-01-11,23:41:14,-08:00,2025-01-11T23:41:14-08:00,0,21
CV\index.html,5,html,e8e54888,jgu0453,2025-01-11,23:41:14,-08:00,2025-01-11T23:41:14-08:00,0,69
CV\index.html,6,html,b39b51c7,jgu0453,2025-01-11,23:45:07,-08:00,2025-01-11T23:45:07-08:00,0,30
CV\index.html,7,html,b39b51c7,jgu0453,2025-01-11,23:45:07,-08:00,2025-01-11T23:45:07-08:00,0,42
CV\index.html,8,html,ba2e7127,jgu0453,2025-01-25,22:59:41,-08:00,2025-01-25T22:59:41-08:00,0,49
CV\index.html,9,html,e8e54888,jgu0453,2025-01-11,23:41:14,-08:00,2025-01-11T23:41:14-08:00,0,6
CV\index.html,10,html,e8e54888,jgu0453,2025-01-11,23:41:14,-08:00,2025-01-11T23:41:14-08:00,0,5
CV\index.html,11,html,967392d0,jgu0453,2025-01-18,22:49:40,-08:00,2025-01-18T22:49:40-08:00,0,7
CV\index.html,12,html,967392d0,jgu0453,2025-01-18,22:49:40,-08:00,2025-01-18T22:49:40-08:00,0,24
CV\index.html,13,html,967392d0,jgu0453,2025-01-18,22:49:40,-08:00,2025-01-18T22:49:40-08:00,0,67
CV\index.html,14,html,967392d0,jgu0453,2025-01-18,22:49:40,-08:00,2025-01-18T22:49:40-08:00,0,8
CV\index.html,15,html,b39b51c7,jgu0453,2025-01-11,23:45:07,-08:00,2025-01-11T23:45:07-08:00,0,0
CV\index.html,16,html,967392d0,jgu0453,2025-01-18,22:49:40,-08:00,2025-01-18T22:49:40-08:00,0,4
CV\index.html,17,html,967392d0,jgu0453,2025-01-18,22:49:40,-08:00,2025-01-18T22:49:40-08:00,0,33
CV\index.html,18,html,967392d0,jgu0453,2025-01-18,22:49:40,-08:00,2025-01-18T22:49:40-08:00,0,46
CV\index.html,19,html,967392d0,jgu0453,2025-01-18,22:49:40,-08:00,2025-01-18T22:49:40-08:00,0,44
CV\index.html,20,html,967392d0,jgu0453,2025-01-18,22:49:40,-08:00,2025-01-18T22:49:40-08:00,0,48
CV\index.html,21,html,b2a60de2,jgu0453,2025-02-26,19:49:06,-08:00,2025-02-26T19:49:06-08:00,0,38
CV\index.html,22,html,967392d0,jgu0453,2025-01-18,22:49:40,-08:00,2025-01-18T22:49:40-08:00,0,62
CV\index.html,23,html,967392d0,jgu0453,2025-01-18,22:49:40,-08:00,2025-01-18T22:49:40-08:00,0,5
CV\index.html,24,html,b39b51c7,jgu0453,2025-01-11,23:45:07,-08:00,2025-01-11T23:45:07-08:00,0,0
CV\index.html,25,html,967392d0,jgu0453,2025-01-18,22:49:40,-08:00,2025-01-18T22:49:40-08:00,0,5
CV\index.html,26,html,967392d0,jgu0453,2025-01-18,22:49:40,-08:00,2025-01-18T22:49:40-08:00,0,8
CV\index.html,27,html,967392d0,jgu0453,2025-01-18,22:49:40,-08:00,2025-01-18T22:49:40-08:00,0,17
CV\index.html,28,html,967392d0,jgu0453,2025-01-18,22:49:40,-08:00,2025-01-18T22:49:40-08:00,0,76
CV\index.html,29,html,967392d0,jgu0453,2025-01-18,22:49:40,-08:00,2025-01-18T22:49:40-08:00,0,9
CV\index.html,30,html,967392d0,jgu0453,2025-01-18,22:49:40,-08:00,2025-01-18T22:49:40-08:00,0,8
CV\index.html,31,html,b39b51c7,jgu0453,2025-01-11,23:45:07,-08:00,2025-01-11T23:45:07-08:00,0,23
CV\index.html,32,html,967392d0,jgu0453,2025-01-18,22:49:40,-08:00,2025-01-18T22:49:40-08:00,0,68
CV\index.html,33,html,967392d0,jgu0453,2025-01-18,22:49:40,-08:00,2025-01-18T22:49:40-08:00,0,9
CV\index.html,34,html,967392d0,jgu0453,2025-01-18,22:49:40,-08:00,2025-01-18T22:49:40-08:00,0,8
CV\index.html,35,html,967392d0,jgu0453,2025-01-18,22:49:40,-08:00,2025-01-18T22:49:40-08:00,0,14
CV\index.html,36,html,b39b51c7,jgu0453,2025-01-11,23:45:07,-08:00,2025-01-11T23:45:07-08:00,0,3
CV\index.html,37,html,967392d0,jgu0453,2025-01-18,22:49:40,-08:00,2025-01-18T22:49:40-08:00,0,43
CV\index.html,38,html,967392d0,jgu0453,2025-01-18,22:49:40,-08:00,2025-01-18T22:49:40-08:00,0,31
CV\index.html,39,html,b39b51c7,jgu0453,2025-01-11,23:45:07,-08:00,2025-01-11T23:45:07-08:00,0,4
CV\index.html,40,html,967392d0,jgu0453,2025-01-18,22:49:40,-08:00,2025-01-18T22:49:40-08:00,0,9
CV\index.html,41,html,967392d0,jgu0453,2025-01-18,22:49:40,-08:00,2025-01-18T22:49:40-08:00,0,6
CV\index.html,42,html,b39b51c7,jgu0453,2025-01-11,23:45:07,-08:00,2025-01-11T23:45:07-08:00,0,0
CV\index.html,43,html,22c75029,jgu0453,2025-01-25,23:18:33,-08:00,2025-01-25T23:18:33-08:00,0,50
CV\index.html,44,html,7cde57ac,jgu0453,2025-01-25,23:03:38,-08:00,2025-01-25T23:03:38-08:00,0,0
CV\index.html,45,html,967392d0,jgu0453,2025-01-18,22:49:40,-08:00,2025-01-18T22:49:40-08:00,0,7
CV\index.html,46,html,967392d0,jgu0453,2025-01-18,22:49:40,-08:00,2025-01-18T22:49:40-08:00,0,51
CV\index.html,47,html,967392d0,jgu0453,2025-01-18,22:49:40,-08:00,2025-01-18T22:49:40-08:00,0,8
CV\index.html,48,html,e8e54888,jgu0453,2025-01-11,23:41:14,-08:00,2025-01-11T23:41:14-08:00,0,6
CV\index.html,49,html,b39b51c7,jgu0453,2025-01-11,23:45:07,-08:00,2025-01-11T23:45:07-08:00,0,6
contact\index.html,1,html,67889335,jgu0453,2025-01-11,23:22:28,-08:00,2025-01-11T23:22:28-08:00,0,14
contact\index.html,2,html,67889335,jgu0453,2025-01-11,23:22:28,-08:00,2025-01-11T23:22:28-08:00,0,15
contact\index.html,3,html,67889335,jgu0453,2025-01-11,23:22:28,-08:00,2025-01-11T23:22:28-08:00,0,5
contact\index.html,4,html,67889335,jgu0453,2025-01-11,23:22:28,-08:00,2025-01-11T23:22:28-08:00,0,21
contact\index.html,5,html,67889335,jgu0453,2025-01-11,23:22:28,-08:00,2025-01-11T23:22:28-08:00,0,69
contact\index.html,6,html,921dff7b,jgu0453,2025-01-18,22:50:15,-08:00,2025-01-18T22:50:15-08:00,0,35
contact\index.html,7,html,dc42ebe4,jgu0453,2025-01-12,00:02:00,-08:00,2025-01-12T00:02:00-08:00,0,42
contact\index.html,8,html,c9a60c04,jgu0453,2025-01-25,22:59:30,-08:00,2025-01-25T22:59:30-08:00,0,49
contact\index.html,9,html,67889335,jgu0453,2025-01-11,23:22:28,-08:00,2025-01-11T23:22:28-08:00,0,6
contact\index.html,10,html,67889335,jgu0453,2025-01-11,23:22:28,-08:00,2025-01-11T23:22:28-08:00,0,5
contact\index.html,11,html,921dff7b,jgu0453,2025-01-18,22:50:15,-08:00,2025-01-18T22:50:15-08:00,0,7
contact\index.html,12,html,921dff7b,jgu0453,2025-01-18,22:50:15,-08:00,2025-01-18T22:50:15-08:00,0,18
contact\index.html,13,html,921dff7b,jgu0453,2025-01-18,22:50:15,-08:00,2025-01-18T22:50:15-08:00,0,80
contact\index.html,14,html,921dff7b,jgu0453,2025-01-18,22:50:15,-08:00,2025-01-18T22:50:15-08:00,0,8
contact\index.html,15,html,c7c1679a,jgu0453,2025-01-11,23:32:18,-08:00,2025-01-11T23:32:18-08:00,0,0
contact\index.html,16,html,67889335,jgu0453,2025-01-11,23:22:28,-08:00,2025-01-11T23:22:28-08:00,0,4
contact\index.html,17,html,921dff7b,jgu0453,2025-01-18,22:50:15,-08:00,2025-01-18T22:50:15-08:00,0,33
contact\index.html,18,html,921dff7b,jgu0453,2025-01-18,22:50:15,-08:00,2025-01-18T22:50:15-08:00,0,46
contact\index.html,19,html,921dff7b,jgu0453,2025-01-18,22:50:15,-08:00,2025-01-18T22:50:15-08:00,0,53
contact\index.html,20,html,921dff7b,jgu0453,2025-01-18,22:50:15,-08:00,2025-01-18T22:50:15-08:00,0,34
contact\index.html,21,html,b2a60de2,jgu0453,2025-02-26,19:49:06,-08:00,2025-02-26T19:49:06-08:00,0,38
contact\index.html,22,html,dc42ebe4,jgu0453,2025-01-12,00:02:00,-08:00,2025-01-12T00:02:00-08:00,0,62
contact\index.html,23,html,67889335,jgu0453,2025-01-11,23:22:28,-08:00,2025-01-11T23:22:28-08:00,0,5
contact\index.html,24,html,921dff7b,jgu0453,2025-01-18,22:50:15,-08:00,2025-01-18T22:50:15-08:00,0,0
contact\index.html,25,html,921dff7b,jgu0453,2025-01-18,22:50:15,-08:00,2025-01-18T22:50:15-08:00,0,5
contact\index.html,26,html,921dff7b,jgu0453,2025-01-18,22:50:15,-08:00,2025-01-18T22:50:15-08:00,0,70
contact\index.html,27,html,921dff7b,jgu0453,2025-01-18,22:50:15,-08:00,2025-01-18T22:50:15-08:00,0,37
contact\index.html,28,html,921dff7b,jgu0453,2025-01-18,22:50:15,-08:00,2025-01-18T22:50:15-08:00,0,82
contact\index.html,29,html,921dff7b,jgu0453,2025-01-18,22:50:15,-08:00,2025-01-18T22:50:15-08:00,0,0
contact\index.html,30,html,921dff7b,jgu0453,2025-01-18,22:50:15,-08:00,2025-01-18T22:50:15-08:00,0,36
contact\index.html,31,html,921dff7b,jgu0453,2025-01-18,22:50:15,-08:00,2025-01-18T22:50:15-08:00,0,81
contact\index.html,32,html,921dff7b,jgu0453,2025-01-18,22:50:15,-08:00,2025-01-18T22:50:15-08:00,0,0
contact\index.html,33,html,921dff7b,jgu0453,2025-01-18,22:50:15,-08:00,2025-01-18T22:50:15-08:00,0,36
contact\index.html,34,html,921dff7b,jgu0453,2025-01-18,22:50:15,-08:00,2025-01-18T22:50:15-08:00,0,104
contact\index.html,35,html,921dff7b,jgu0453,2025-01-18,22:50:15,-08:00,2025-01-18T22:50:15-08:00,0,0
contact\index.html,36,html,921dff7b,jgu0453,2025-01-18,22:50:15,-08:00,2025-01-18T22:50:15-08:00,0,42
contact\index.html,37,html,921dff7b,jgu0453,2025-01-18,22:50:15,-08:00,2025-01-18T22:50:15-08:00,0,6
contact\index.html,38,html,921dff7b,jgu0453,2025-01-18,22:50:15,-08:00,2025-01-18T22:50:15-08:00,0,6
contact\index.html,39,html,921dff7b,jgu0453,2025-01-18,22:50:15,-08:00,2025-01-18T22:50:15-08:00,0,0
contact\index.html,40,html,9a9f64b0,jgu0453,2025-01-25,23:18:20,-08:00,2025-01-25T23:18:20-08:00,0,50
contact\index.html,41,html,1af8f2b0,jgu0453,2025-01-25,23:03:16,-08:00,2025-01-25T23:03:16-08:00,0,0
contact\index.html,42,html,921dff7b,jgu0453,2025-01-18,22:50:15,-08:00,2025-01-18T22:50:15-08:00,0,7
contact\index.html,43,html,921dff7b,jgu0453,2025-01-18,22:50:15,-08:00,2025-01-18T22:50:15-08:00,0,51
contact\index.html,44,html,921dff7b,jgu0453,2025-01-18,22:50:15,-08:00,2025-01-18T22:50:15-08:00,0,8
contact\index.html,45,html,67889335,jgu0453,2025-01-11,23:22:28,-08:00,2025-01-11T23:22:28-08:00,0,6
contact\index.html,46,html,67889335,jgu0453,2025-01-11,23:22:28,-08:00,2025-01-11T23:22:28-08:00,0,6
